Timestamp,TrafficCount
01-01-2010,96.44
01-02-2010,60.38
01-03-2010,89.21
01-04-2010,143.82
01-05-2010,132.62
01-06-2010,141.79
01-07-2010,166.93
01-08-2010,113.37
01-09-2010,62.25
01-10-2010,96.71
01-11-2010,104.27
01-12-2010,136.92
01-13-2010,163.76
01-14-2010,89.66
01-15-2010,61.07
01-16-2010,69.9
01-17-2010,67.76
01-18-2010,133.61
01-19-2010,135.71
01-20-2010,132.21
01-21-2010,183.89
01-22-2010,108.26
01-23-2010,95.3
01-24-2010,67.07
01-25-2010,121.69
01-26-2010,170.67
01-27-2010,148.16
01-28-2010,165.99
01-29-2010,108.17
01-30-2010,95.53
01-31-2010,96.78
02-01-2010,190.66
02-02-2010,176.54
02-03-2010,159.39
02-04-2010,185.98
02-05-2010,101.39
02-06-2010,116.68
02-07-2010,71.37
02-08-2010,119.6
02-09-2010,190.15
02-10-2010,212.55
02-11-2010,177.85
02-12-2010,137.07
02-13-2010,111.88
02-14-2010,91.24
02-15-2010,142.54
02-16-2010,181.33
02-17-2010,228.02
02-18-2010,189.54
02-19-2010,103.15
02-20-2010,134.66
02-21-2010,125.6
02-22-2010,150.51
02-23-2010,214.91
02-24-2010,234.02
02-25-2010,210.76
02-26-2010,132.64
02-27-2010,125.08
02-28-2010,149.63
03-01-2010,197.81
03-02-2010,193.49
03-03-2010,209.31
03-04-2010,165.38
03-05-2010,129.14
03-06-2010,158.41
03-07-2010,180.39
03-08-2010,176.61
03-09-2010,235.4
03-10-2010,227.68
03-11-2010,181.46
03-12-2010,172.47
03-13-2010,180.78
03-14-2010,149.68
03-15-2010,221.46
03-16-2010,148.59
03-17-2010,242.81
03-18-2010,203.22
03-19-2010,159.26
03-20-2010,147.77
03-21-2010,103.86
03-22-2010,179.67
03-23-2010,225.67
03-24-2010,261.7
03-25-2010,190.42
03-26-2010,148.69
03-27-2010,134.93
03-28-2010,178.28
03-29-2010,195.06
03-30-2010,205.01
03-31-2010,238.93
04-01-2010,206.98
04-02-2010,194.14
04-03-2010,130.78
04-04-2010,147.89
04-05-2010,177.55
04-06-2010,182.02
04-07-2010,233.69
04-08-2010,211.1
04-09-2010,169.9
04-10-2010,142.15
04-11-2010,120.22
04-12-2010,176.2
04-13-2010,209.24
04-14-2010,205.26
04-15-2010,199.41
04-16-2010,178.58
04-17-2010,193.72
04-18-2010,158.35
04-19-2010,191.37
04-20-2010,214
04-21-2010,175.25
04-22-2010,200.52
04-23-2010,167.57
04-24-2010,205.57
04-25-2010,146.45
04-26-2010,189.59
04-27-2010,211.96
04-28-2010,190.81
04-29-2010,226.41
04-30-2010,181.37
05-01-2010,160.12
05-02-2010,124.73
05-03-2010,213.18
05-04-2010,173.69
05-05-2010,230.46
05-06-2010,248.23
05-07-2010,133.29
05-08-2010,121.53
05-09-2010,145.15
05-10-2010,160.59
05-11-2010,164.9
05-12-2010,212.3
05-13-2010,161.57
05-14-2010,164.42
05-15-2010,107.1
05-16-2010,175.69
05-17-2010,147.75
05-18-2010,189.65
05-19-2010,224.84
05-20-2010,151.15
05-21-2010,151.95
05-22-2010,156.33
05-23-2010,90.2
05-24-2010,165.28
05-25-2010,197.42
05-26-2010,217.17
05-27-2010,144.02
05-28-2010,106.16
05-29-2010,129.51
05-30-2010,130.53
05-31-2010,159.55
06-01-2010,192.12
06-02-2010,173.06
06-03-2010,173.1
06-04-2010,138.77
06-05-2010,90.79
06-06-2010,161.85
06-07-2010,157.16
06-08-2010,145.62
06-09-2010,198.35
06-10-2010,134.73
06-11-2010,142.85
06-12-2010,129.28
06-13-2010,86.3
06-14-2010,160.94
06-15-2010,177.21
06-16-2010,193.92
06-17-2010,197.9
06-18-2010,-102.35
06-19-2010,72.76
06-20-2010,75.83
06-21-2010,107.67
06-22-2010,156.13
06-23-2010,173.03
06-24-2010,148.5
06-25-2010,126.26
06-26-2010,82.97
06-27-2010,125.42
06-28-2010,112.44
06-29-2010,217.04
06-30-2010,171.11
07-01-2010,111.1
07-02-2010,69.75
07-03-2010,502.25
07-04-2010,74.42
07-05-2010,127.84
07-06-2010,151.8
07-07-2010,144.58
07-08-2010,102.3
07-09-2010,49.6
07-10-2010,53.38
07-11-2010,92.4
07-12-2010,106.33
07-13-2010,99.84
07-14-2010,141.77
07-15-2010,124.17
07-16-2010,56.47
07-17-2010,59.52
07-18-2010,63.61
07-19-2010,63.61
07-20-2010,131.17
07-21-2010,142.75
07-22-2010,132.95
07-23-2010,96.3
07-24-2010,12.67
07-25-2010,30.2
07-26-2010,96.61
07-27-2010,126.68
07-28-2010,133.28
07-29-2010,193.92
07-30-2010,76.03
07-31-2010,67.37
08-01-2010,69.44
08-02-2010,92.04
08-03-2010,98.06
08-04-2010,131.56
08-05-2010,70.55
08-06-2010,48.19
08-07-2010,19.29
08-08-2010,40.17
08-09-2010,126.25
08-10-2010,51.97
08-11-2010,122.55
08-12-2010,42.47
08-13-2010,35.32
08-14-2010,51.77
08-15-2010,32.95
08-16-2010,34.77
08-17-2010,74.22
08-18-2010,115.95
08-19-2010,58.2
08-20-2010,46.33
08-21-2010,19.59
08-22-2010,9.09
08-23-2010,109.47
08-24-2010,102.23
08-25-2010,42.73
08-26-2010,75.66
08-27-2010,19.04
08-28-2010,34.56
08-29-2010,0.5
08-30-2010,48.07
08-31-2010,94.21
09-01-2010,110.35
09-02-2010,36.47
09-03-2010,22.84
09-04-2010,-2.85
09-05-2010,-0.11
09-06-2010,91.13
09-07-2010,87.92
09-08-2010,53.54
09-09-2010,85.93
09-10-2010,80.91
09-11-2010,31.64
09-12-2010,-24.8
09-13-2010,32
09-14-2010,106.73
09-15-2010,-408.16
09-16-2010,71.66
09-17-2010,44.97
09-18-2010,-19.45
09-19-2010,9.75
09-20-2010,-38.7
09-21-2010,47.83
09-22-2010,74.71
09-23-2010,28.08
09-24-2010,65.28
09-25-2010,-32.99
09-26-2010,-0.56
09-27-2010,44.96
09-28-2010,109
09-29-2010,44.82
09-30-2010,88.21
10-01-2010,24.75
10-02-2010,-21.59
10-03-2010,22.34
10-04-2010,47.19
10-05-2010,58.65
10-06-2010,83.31
10-07-2010,50.51
10-08-2010,28.51
10-09-2010,20.85
10-10-2010,51.95
10-11-2010,12.94
10-12-2010,128.82
10-13-2010,34.77
10-14-2010,58.52
10-15-2010,42.71
10-16-2010,13.81
10-17-2010,-0.61
10-18-2010,41.5
10-19-2010,66.15
10-20-2010,71.98
10-21-2010,86.85
10-22-2010,40.39
10-23-2010,-6.92
10-24-2010,41.22
10-25-2010,58.32
10-26-2010,102.88
10-27-2010,106.69
10-28-2010,49.28
10-29-2010,22
10-30-2010,33.78
10-31-2010,38.83
11-01-2010,55.1
11-02-2010,90.63
11-03-2010,128.17
11-04-2010,60.64
11-05-2010,55.25
11-06-2010,15.75
11-07-2010,23.98
11-08-2010,89.08
11-09-2010,114.45
11-10-2010,122.83
11-11-2010,114.45
11-12-2010,48.62
11-13-2010,44.5
11-14-2010,28.44
11-15-2010,76.62
11-16-2010,97.59
11-17-2010,112.06
11-18-2010,103.96
11-19-2010,35.02
11-20-2010,87.27
11-21-2010,18.67
11-22-2010,45.89
11-23-2010,137.63
11-24-2010,137.38
11-25-2010,112.74
11-26-2010,79.34
11-27-2010,42.91
11-28-2010,29.74
11-29-2010,86.59
11-30-2010,100.3
12-01-2010,150.6
12-02-2010,102.19
12-03-2010,51.81
12-04-2010,44.08
12-05-2010,71.47
12-06-2010,514.76
12-07-2010,105.8
12-08-2010,141.52
12-09-2010,121.27
12-10-2010,69.12
12-11-2010,49.75
12-12-2010,76.43
12-13-2010,67.09
12-14-2010,100.77
12-15-2010,127.12
12-16-2010,119.52
12-17-2010,99.33
12-18-2010,108.22
12-19-2010,101.93
12-20-2010,766.31
12-21-2010,145.42
12-22-2010,129.99
12-23-2010,134.4
12-24-2010,94.38
12-25-2010,89.47
12-26-2010,69.89
12-27-2010,-256.88
12-28-2010,194.35
12-29-2010,162.49
12-30-2010,155.07
12-31-2010,129.02
01-01-2011,81.56
01-02-2011,106.37
01-03-2011,133.81
01-04-2011,168.67
01-05-2011,156.07
01-06-2011,155.82
01-07-2011,134.4
01-08-2011,138.03
01-09-2011,134.9
01-10-2011,197.46
01-11-2011,157.15
01-12-2011,207.3
01-13-2011,169.86
01-14-2011,186.73
01-15-2011,91.55
01-16-2011,99.9
01-17-2011,138.58
01-18-2011,133.14
01-19-2011,182.2
01-20-2011,156.11
01-21-2011,145.5
01-22-2011,130.01
01-23-2011,177.45
01-24-2011,186.93
01-25-2011,181.35
01-26-2011,182.37
01-27-2011,196.8
01-28-2011,118.09
01-29-2011,176.53
01-30-2011,169.24
01-31-2011,160.57
02-01-2011,162
02-02-2011,247.65
02-03-2011,190.53
02-04-2011,190.85
02-05-2011,99.61
02-06-2011,133.41
02-07-2011,180.98
02-08-2011,538.63
02-09-2011,210.91
02-10-2011,217.22
02-11-2011,141.37
02-12-2011,143.97
02-13-2011,159.34
02-14-2011,201.54
02-15-2011,238.8
02-16-2011,201.66
02-17-2011,170.8
02-18-2011,207.39
02-19-2011,163.1
02-20-2011,144.77
02-21-2011,234.49
02-22-2011,230.81
02-23-2011,266.04
02-24-2011,217.49
02-25-2011,233.49
02-26-2011,205.07
02-27-2011,163.52
02-28-2011,226.12
03-01-2011,250.04
03-02-2011,276.62
03-03-2011,197.39
03-04-2011,204.69
03-05-2011,193.07
03-06-2011,131.06
03-07-2011,177.39
03-08-2011,187.91
03-09-2011,240.51
03-10-2011,244.14
03-11-2011,229.64
03-12-2011,172.85
03-13-2011,610.78
03-14-2011,176.55
03-15-2011,200.23
03-16-2011,249.63
03-17-2011,239.42
03-18-2011,194.72
03-19-2011,122.61
03-20-2011,180.17
03-21-2011,181.42
03-22-2011,262.38
03-23-2011,262.84
03-24-2011,208.82
03-25-2011,185.02
03-26-2011,149.99
03-27-2011,-91.97
03-28-2011,239.75
03-29-2011,222.67
03-30-2011,267.79
03-31-2011,220.41
04-01-2011,179.23
04-02-2011,174.81
04-03-2011,159.38
04-04-2011,202.72
04-05-2011,217.89
04-06-2011,304.66
04-07-2011,234.73
04-08-2011,181.58
04-09-2011,182.69
04-10-2011,182.14
04-11-2011,210.56
04-12-2011,262.55
04-13-2011,273.67
04-14-2011,219.62
04-15-2011,183.55
04-16-2011,169.17
04-17-2011,125.94
04-18-2011,176.59
04-19-2011,279.59
04-20-2011,293.92
04-21-2011,224.56
04-22-2011,210.1
04-23-2011,181.41
04-24-2011,257.89
04-25-2011,239.72
04-26-2011,239.33
04-27-2011,225.86
04-28-2011,187.43
04-29-2011,197.42
04-30-2011,151.22
05-01-2011,141.71
05-02-2011,191.77
05-03-2011,211.55
05-04-2011,287.84
05-05-2011,245.4
05-06-2011,187.76
05-07-2011,202.61
05-08-2011,174.55
05-09-2011,181.61
05-10-2011,271.73
05-11-2011,254.07
05-12-2011,192.22
05-13-2011,177.87
05-14-2011,-137.13
05-15-2011,132.45
05-16-2011,220.58
05-17-2011,275.54
05-18-2011,199.66
05-19-2011,226.14
05-20-2011,160.15
05-21-2011,141.65
05-22-2011,145.77
05-23-2011,169.27
05-24-2011,222.36
05-25-2011,207.08
05-26-2011,211.95
05-27-2011,168.18
05-28-2011,140.76
05-29-2011,130.71
05-30-2011,169.17
05-31-2011,232.65
06-01-2011,232.91
06-02-2011,173.19
06-03-2011,164.27
06-04-2011,157.79
06-05-2011,103.84
06-06-2011,189.27
06-07-2011,189.22
06-08-2011,226.6
06-09-2011,170.42
06-10-2011,108.47
06-11-2011,90.05
06-12-2011,138.45
06-13-2011,173.79
06-14-2011,174.73
06-15-2011,219.79
06-16-2011,139.4
06-17-2011,143.32
06-18-2011,91.8
06-19-2011,112.24
06-20-2011,159.73
06-21-2011,167.03
06-22-2011,185.38
06-23-2011,197.23
06-24-2011,121.65
06-25-2011,134.04
06-26-2011,91.34
06-27-2011,162.8
06-28-2011,215.58
06-29-2011,124.18
06-30-2011,143.11
07-01-2011,141.45
07-02-2011,99.01
07-03-2011,119.79
07-04-2011,125.39
07-05-2011,172.63
07-06-2011,173
07-07-2011,183.16
07-08-2011,124.32
07-09-2011,103.47
07-10-2011,91.17
07-11-2011,119.27
07-12-2011,150.65
07-13-2011,177.77
07-14-2011,134.48
07-15-2011,116.27
07-16-2011,138.02
07-17-2011,114.38
07-18-2011,114.48
07-19-2011,182.7
07-20-2011,148.96
07-21-2011,85.34
07-22-2011,75.16
07-23-2011,30.75
07-24-2011,75.25
07-25-2011,114.58
07-26-2011,186.12
07-27-2011,158.94
07-28-2011,122.49
07-29-2011,112.84
07-30-2011,14.04
07-31-2011,81.8
08-01-2011,125.34
08-02-2011,99.27
08-03-2011,171.46
08-04-2011,128.61
08-05-2011,73.98
08-06-2011,77.49
08-07-2011,125.12
08-08-2011,103.15
08-09-2011,135.07
08-10-2011,124.1
08-11-2011,91.71
08-12-2011,98.04
08-13-2011,33.29
08-14-2011,63.26
08-15-2011,79.89
08-16-2011,134.17
08-17-2011,137.37
08-18-2011,132.46
08-19-2011,58.21
08-20-2011,41.73
08-21-2011,30.92
08-22-2011,74.75
08-23-2011,125.78
08-24-2011,142.24
08-25-2011,77.87
08-26-2011,87.23
08-27-2011,77.04
08-28-2011,60.52
08-29-2011,127.71
08-30-2011,92.07
08-31-2011,87.4
09-01-2011,51.8
09-02-2011,98.37
09-03-2011,55.13
09-04-2011,44.56
09-05-2011,83.7
09-06-2011,79.34
09-07-2011,175.86
09-08-2011,95.85
09-09-2011,60.21
09-10-2011,53.57
09-11-2011,54.78
09-12-2011,79.26
09-13-2011,84.83
09-14-2011,123.78
09-15-2011,137.1
09-16-2011,88.7
09-17-2011,72.99
09-18-2011,27.88
09-19-2011,46.98
09-20-2011,99.66
09-21-2011,111.76
09-22-2011,115.95
09-23-2011,11.45
09-24-2011,70.27
09-25-2011,35.74
09-26-2011,60.25
09-27-2011,76.87
09-28-2011,68.53
09-29-2011,108.86
09-30-2011,55.45
10-01-2011,-0.2
10-02-2011,7.5
10-03-2011,62.88
10-04-2011,144.41
10-05-2011,104.09
10-06-2011,51.55
10-07-2011,48.49
10-08-2011,26.42
10-09-2011,-26.2
10-10-2011,71.43
10-11-2011,98.59
10-12-2011,129.83
10-13-2011,137.36
10-14-2011,84.97
10-15-2011,28.85
10-16-2011,16.05
10-17-2011,139.77
10-18-2011,108.67
10-19-2011,115.75
10-20-2011,93.68
10-21-2011,65.06
10-22-2011,35.42
10-23-2011,32.99
10-24-2011,65.54
10-25-2011,110.29
10-26-2011,105.9
10-27-2011,80.69
10-28-2011,67.16
10-29-2011,37.19
10-30-2011,89.63
10-31-2011,17.78
11-01-2011,143.39
11-02-2011,155.77
11-03-2011,51.96
11-04-2011,61.35
11-05-2011,39.85
11-06-2011,22.55
11-07-2011,70.46
11-08-2011,94.32
11-09-2011,174.55
11-10-2011,133.44
11-11-2011,108.1
11-12-2011,73.7
11-13-2011,36.16
11-14-2011,83.57
11-15-2011,141.23
11-16-2011,107.22
11-17-2011,135.03
11-18-2011,77.57
11-19-2011,53.67
11-20-2011,89.66
11-21-2011,115.4
11-22-2011,127.7
11-23-2011,174.59
11-24-2011,98.12
11-25-2011,107.03
11-26-2011,86.03
11-27-2011,72.4
11-28-2011,120.8
11-29-2011,113.89
11-30-2011,177.26
12-01-2011,129.16
12-02-2011,87.29
12-03-2011,106.24
12-04-2011,71.43
12-05-2011,86.42
12-06-2011,115.31
12-07-2011,178.44
12-08-2011,110.98
12-09-2011,153.51
12-10-2011,37.31
12-11-2011,140.87
12-12-2011,136.39
12-13-2011,161.35
12-14-2011,159.27
12-15-2011,162.63
12-16-2011,118.41
12-17-2011,126.7
12-18-2011,111.12
12-19-2011,144.72
12-20-2011,164.58
12-21-2011,181.4
12-22-2011,170.32
12-23-2011,86.6
12-24-2011,75.45
12-25-2011,136.91
12-26-2011,155.33
12-27-2011,-313.64
12-28-2011,193.42
12-29-2011,181.46
12-30-2011,126.03
12-31-2011,99.88
01-01-2012,133.41
01-02-2012,136.79
01-03-2012,204.18
01-04-2012,160.59
01-05-2012,208.69
01-06-2012,161.52
01-07-2012,135.91
01-08-2012,163.25
01-09-2012,213.03
01-10-2012,229.47
01-11-2012,167.25
01-12-2012,161.07
01-13-2012,144.15
01-14-2012,140.2
01-15-2012,161.63
01-16-2012,163.22
01-17-2012,218.71
01-18-2012,204.28
01-19-2012,187.62
01-20-2012,134.41
01-21-2012,126.23
01-22-2012,124.6
01-23-2012,166.63
01-24-2012,249.99
01-25-2012,208.97
01-26-2012,278.2
01-27-2012,191.33
01-28-2012,163.28
01-29-2012,146.22
01-30-2012,217.74
01-31-2012,218.39
02-01-2012,244.81
02-02-2012,285.37
02-03-2012,185.49
02-04-2012,196.2
02-05-2012,158.82
02-06-2012,208
02-07-2012,285.59
02-08-2012,234.54
02-09-2012,275.03
02-10-2012,213.84
02-11-2012,161.56
02-12-2012,200.26
02-13-2012,241.13
02-14-2012,264.71
02-15-2012,218.69
02-16-2012,219.16
02-17-2012,197.46
02-18-2012,181.15
02-19-2012,207.24
02-20-2012,228.41
02-21-2012,222.81
02-22-2012,274.35
02-23-2012,259.38
02-24-2012,224.3
02-25-2012,216.55
02-26-2012,218.96
02-27-2012,241.7
02-28-2012,260.56
02-29-2012,229.31
03-01-2012,260.7
03-02-2012,221.2
03-03-2012,201.89
03-04-2012,171.62
03-05-2012,208.48
03-06-2012,293.78
03-07-2012,274.83
03-08-2012,271.84
03-09-2012,221.41
03-10-2012,200.39
03-11-2012,231.39
03-12-2012,226.84
03-13-2012,273.93
03-14-2012,268.19
03-15-2012,247.72
03-16-2012,216.59
03-17-2012,208.65
03-18-2012,199.26
03-19-2012,274.27
03-20-2012,252.15
03-21-2012,277.9
03-22-2012,250.24
03-23-2012,262.99
03-24-2012,210.35
03-25-2012,239.19
03-26-2012,207.75
03-27-2012,283.03
03-28-2012,306.49
03-29-2012,264.81
03-30-2012,254.8
03-31-2012,193.68
04-01-2012,249.65
04-02-2012,303.21
04-03-2012,267.97
04-04-2012,273.63
04-05-2012,299.44
04-06-2012,267.84
04-07-2012,193.57
04-08-2012,203.76
04-09-2012,238.38
04-10-2012,242.95
04-11-2012,261.16
04-12-2012,237.19
04-13-2012,208.18
04-14-2012,204.64
04-15-2012,218.83
04-16-2012,282.73
04-17-2012,249.99
04-18-2012,306.95
04-19-2012,255.01
04-20-2012,224.04
04-21-2012,220.12
04-22-2012,182.49
04-23-2012,250.96
04-24-2012,-28.47
04-25-2012,291.77
04-26-2012,264.55
04-27-2012,283.47
04-28-2012,183.96
04-29-2012,193.79
04-30-2012,222.17
05-01-2012,254.53
05-02-2012,259.58
05-03-2012,282.95
05-04-2012,253.36
05-05-2012,181.26
05-06-2012,181.73
05-07-2012,244.88
05-08-2012,249.82
05-09-2012,286.41
05-10-2012,253.23
05-11-2012,174.76
05-12-2012,228.88
05-13-2012,241.98
05-14-2012,212.18
05-15-2012,248.21
05-16-2012,271.88
05-17-2012,250.55
05-18-2012,223.02
05-19-2012,234.24
05-20-2012,186.33
05-21-2012,201.1
05-22-2012,216.87
05-23-2012,239.8
05-24-2012,234.59
05-25-2012,244.55
05-26-2012,164.06
05-27-2012,189.26
05-28-2012,213.46
05-29-2012,273.78
05-30-2012,313.87
05-31-2012,214.68
06-01-2012,179.88
06-02-2012,195.45
06-03-2012,192.98
06-04-2012,661.88
06-05-2012,250.77
06-06-2012,233.74
06-07-2012,234.66
06-08-2012,211.71
06-09-2012,181.67
06-10-2012,180.35
06-11-2012,224.39
06-12-2012,257.01
06-13-2012,268.82
06-14-2012,227.61
06-15-2012,171.25
06-16-2012,156.21
06-17-2012,189.17
06-18-2012,168.59
06-19-2012,228.24
06-20-2012,215.64
06-21-2012,203.27
06-22-2012,198.52
06-23-2012,148.41
06-24-2012,151.23
06-25-2012,146.06
06-26-2012,228.7
06-27-2012,232.61
06-28-2012,247.61
06-29-2012,149.83
06-30-2012,140.06
07-01-2012,147.25
07-02-2012,210.43
07-03-2012,198.58
07-04-2012,214.37
07-05-2012,199.66
07-06-2012,153.12
07-07-2012,114.36
07-08-2012,136.81
07-09-2012,188.79
07-10-2012,166.28
07-11-2012,201.71
07-12-2012,157.97
07-13-2012,169.37
07-14-2012,78.51
07-15-2012,109.09
07-16-2012,162.51
07-17-2012,222.25
07-18-2012,187.95
07-19-2012,152.84
07-20-2012,177.82
07-21-2012,71.73
07-22-2012,59.47
07-23-2012,155.52
07-24-2012,162.05
07-25-2012,155.61
07-26-2012,176.04
07-27-2012,128.55
07-28-2012,85.56
07-29-2012,74.24
07-30-2012,158.2
07-31-2012,182.8
08-01-2012,170.69
08-02-2012,196.6
08-03-2012,87.89
08-04-2012,53.79
08-05-2012,81.3
08-06-2012,127.69
08-07-2012,165.16
08-08-2012,159.76
08-09-2012,151.95
08-10-2012,76.17
08-11-2012,120.94
08-12-2012,89.56
08-13-2012,149.89
08-14-2012,160.87
08-15-2012,170.54
08-16-2012,150.84
08-17-2012,112.21
08-18-2012,94.59
08-19-2012,706.96
08-20-2012,120.78
08-21-2012,164.06
08-22-2012,151.04
08-23-2012,166.88
08-24-2012,78.51
08-25-2012,118.08
08-26-2012,79.07
08-27-2012,74.89
08-28-2012,144.47
08-29-2012,131.32
08-30-2012,147.1
08-31-2012,74.45
09-01-2012,57.38
09-02-2012,28.46
09-03-2012,95.12
09-04-2012,76.58
09-05-2012,104.81
09-06-2012,141.29
09-07-2012,106.76
09-08-2012,75.68
09-09-2012,48.18
09-10-2012,102.04
09-11-2012,134.05
09-12-2012,112.56
09-13-2012,157.14
09-14-2012,106.48
09-15-2012,57.1
09-16-2012,70.77
09-17-2012,106.34
09-18-2012,81.16
09-19-2012,133.56
09-20-2012,100.89
09-21-2012,58.05
09-22-2012,54.3
09-23-2012,113.9
09-24-2012,116.19
09-25-2012,117.12
09-26-2012,153.41
09-27-2012,152.44
09-28-2012,105.89
09-29-2012,62.68
09-30-2012,52.81
10-01-2012,117.81
10-02-2012,141.59
10-03-2012,820.04
10-04-2012,134.02
10-05-2012,109.87
10-06-2012,48.82
10-07-2012,103.1
10-08-2012,106.64
10-09-2012,185.14
10-10-2012,124.07
10-11-2012,163.39
10-12-2012,90.58
10-13-2012,48.09
10-14-2012,60.4
10-15-2012,96.19
10-16-2012,146.52
10-17-2012,157.19
10-18-2012,108.62
10-19-2012,88.16
10-20-2012,121.23
10-21-2012,119.14
10-22-2012,118.72
10-23-2012,140.64
10-24-2012,151.04
10-25-2012,142.39
10-26-2012,67.44
10-27-2012,65.63
10-28-2012,38.78
10-29-2012,122.49
10-30-2012,160.71
10-31-2012,140.95
11-01-2012,171.54
11-02-2012,67.65
11-03-2012,40.88
11-04-2012,91.68
11-05-2012,144.39
11-06-2012,192.48
11-07-2012,147.55
11-08-2012,165.28
11-09-2012,103.59
11-10-2012,79.56
11-11-2012,114.68
11-12-2012,141.17
11-13-2012,117.75
11-14-2012,202.83
11-15-2012,179.84
11-16-2012,96.06
11-17-2012,101.04
11-18-2012,112.32
11-19-2012,138.88
11-20-2012,151.02
11-21-2012,156.86
11-22-2012,152.54
11-23-2012,148.96
11-24-2012,112.79
11-25-2012,98.86
11-26-2012,159.91
11-27-2012,101.92
11-28-2012,210.82
11-29-2012,118.23
11-30-2012,119.22
12-01-2012,79.93
12-02-2012,84.57
12-03-2012,178.54
12-04-2012,170.42
12-05-2012,199.82
12-06-2012,169.68
12-07-2012,149.41
12-08-2012,119.12
12-09-2012,94.22
12-10-2012,183.84
12-11-2012,179.24
12-12-2012,161.79
12-13-2012,169.75
12-14-2012,184.66
12-15-2012,148.17
12-16-2012,127.33
12-17-2012,160.01
12-18-2012,193.4
12-19-2012,262.52
12-20-2012,199.94
12-21-2012,167.87
12-22-2012,162.68
12-23-2012,152.06
12-24-2012,172.33
12-25-2012,206.62
12-26-2012,218.92
12-27-2012,199.59
12-28-2012,185.46
12-29-2012,148.38
12-30-2012,174.58
12-31-2012,186.98
01-01-2013,222.31
01-02-2013,179.57
01-03-2013,232.25
01-04-2013,184.75
01-05-2013,180.85
01-06-2013,92.67
01-07-2013,250
01-08-2013,227.02
01-09-2013,267.38
01-10-2013,193.48
01-11-2013,201.52
01-12-2013,139.65
01-13-2013,159.54
01-14-2013,255.68
01-15-2013,235.75
01-16-2013,255.09
01-17-2013,251.16
01-18-2013,208.49
01-19-2013,179.6
01-20-2013,194.07
01-21-2013,277.68
01-22-2013,248.79
01-23-2013,264.34
01-24-2013,265.28
01-25-2013,233.28
01-26-2013,215
01-27-2013,210.33
01-28-2013,198.37
01-29-2013,300.35
01-30-2013,239.86
01-31-2013,255.71
02-01-2013,195.84
02-02-2013,192.7
02-03-2013,211.48
02-04-2013,243.79
02-05-2013,278.78
02-06-2013,317.5
02-07-2013,268.03
02-08-2013,217.04
02-09-2013,226.76
02-10-2013,241.25
02-11-2013,213.22
02-12-2013,291.22
02-13-2013,302.63
02-14-2013,257.09
02-15-2013,265.27
02-16-2013,206.52
02-17-2013,222.16
02-18-2013,246.97
02-19-2013,283.95
02-20-2013,264.84
02-21-2013,235.56
02-22-2013,277.64
02-23-2013,195.88
02-24-2013,200.88
02-25-2013,203.98
02-26-2013,18.1
02-27-2013,265.43
02-28-2013,318.73
03-01-2013,269.01
03-02-2013,205.69
03-03-2013,287.69
03-04-2013,287.93
03-05-2013,287.25
03-06-2013,241.3
03-07-2013,340.09
03-08-2013,214.01
03-09-2013,186.6
03-10-2013,261.63
03-11-2013,328.92
03-12-2013,334.37
03-13-2013,322.12
03-14-2013,301.77
03-15-2013,274.02
03-16-2013,250.49
03-17-2013,246.71
03-18-2013,25.56
03-19-2013,301.5
03-20-2013,839.34
03-21-2013,-166.19
03-22-2013,-38.33
03-23-2013,231.71
03-24-2013,217.47
03-25-2013,246.13
03-26-2013,309.73
03-27-2013,347.97
03-28-2013,314.68
03-29-2013,217.92
03-30-2013,210.94
03-31-2013,267.05
04-01-2013,250.34
04-02-2013,300.63
04-03-2013,327.77
04-04-2013,268.2
04-05-2013,260.33
04-06-2013,202.68
04-07-2013,228.68
04-08-2013,282.91
04-09-2013,266.28
04-10-2013,324.72
04-11-2013,291.44
04-12-2013,270.87
04-13-2013,240.83
04-14-2013,276.85
04-15-2013,276.92
04-16-2013,294.07
04-17-2013,315.31
04-18-2013,303.89
04-19-2013,256.5
04-20-2013,234.31
04-21-2013,223.1
04-22-2013,254.96
04-23-2013,267.33
04-24-2013,353.42
04-25-2013,256.48
04-26-2013,235.07
04-27-2013,212.29
04-28-2013,758.64
04-29-2013,260.81
04-30-2013,330.09
05-01-2013,289.2
05-02-2013,290.76
05-03-2013,227.57
05-04-2013,279.79
05-05-2013,203.53
05-06-2013,271.55
05-07-2013,310.22
05-08-2013,311.72
05-09-2013,274.36
05-10-2013,240.27
05-11-2013,222.19
05-12-2013,224.34
05-13-2013,282.57
05-14-2013,344.17
05-15-2013,281.84
05-16-2013,239.02
05-17-2013,235.46
05-18-2013,279.62
05-19-2013,201.84
05-20-2013,293.24
05-21-2013,324.53
05-22-2013,275.5
05-23-2013,280.94
05-24-2013,271.72
05-25-2013,198.87
05-26-2013,209.96
05-27-2013,230.74
05-28-2013,250.13
05-29-2013,265.92
05-30-2013,228.84
05-31-2013,224.48
06-01-2013,181.63
06-02-2013,213.33
06-03-2013,198.74
06-04-2013,276.04
06-05-2013,295.18
06-06-2013,201.69
06-07-2013,225
06-08-2013,223.52
06-09-2013,169.12
06-10-2013,271.25
06-11-2013,269.98
06-12-2013,248.38
06-13-2013,241.75
06-14-2013,221.16
06-15-2013,186.22
06-16-2013,204.27
06-17-2013,197.81
06-18-2013,255.07
06-19-2013,221.96
06-20-2013,231.61
06-21-2013,175.81
06-22-2013,157.1
06-23-2013,212.83
06-24-2013,239.2
06-25-2013,257.13
06-26-2013,221.03
06-27-2013,217.5
06-28-2013,219.73
06-29-2013,170.01
06-30-2013,230.88
07-01-2013,212.7
07-02-2013,237.65
07-03-2013,231.54
07-04-2013,219.67
07-05-2013,176.52
07-06-2013,175.1
07-07-2013,187.74
07-08-2013,174.16
07-09-2013,190.51
07-10-2013,184.33
07-11-2013,220.01
07-12-2013,143.74
07-13-2013,94.59
07-14-2013,164.58
07-15-2013,247.2
07-16-2013,214.74
07-17-2013,242.33
07-18-2013,200.52
07-19-2013,160.06
07-20-2013,162.63
07-21-2013,138.9
07-22-2013,182.9
07-23-2013,214.32
07-24-2013,196.1
07-25-2013,214.77
07-26-2013,149.7
07-27-2013,112.37
07-28-2013,151.24
07-29-2013,145.49
07-30-2013,198.79
07-31-2013,204.45
08-01-2013,209.06
08-02-2013,157.97
08-03-2013,122.74
08-04-2013,150.45
08-05-2013,194.97
08-06-2013,204.38
08-07-2013,800.06
08-08-2013,141.65
08-09-2013,112.1
08-10-2013,108.45
08-11-2013,107.59
08-12-2013,148.45
08-13-2013,184.87
08-14-2013,203.48
08-15-2013,165.91
08-16-2013,144.22
08-17-2013,111.14
08-18-2013,67
08-19-2013,-302.96
08-20-2013,173.64
08-21-2013,153.9
08-22-2013,176.7
08-23-2013,164.48
08-24-2013,134.28
08-25-2013,105.45
08-26-2013,178.61
08-27-2013,175.62
08-28-2013,170.52
08-29-2013,141.3
08-30-2013,113.72
08-31-2013,89.31
09-01-2013,110.39
09-02-2013,140.83
09-03-2013,167.61
09-04-2013,185.63
09-05-2013,182.31
09-06-2013,141.08
09-07-2013,58.1
09-08-2013,38.64
09-09-2013,156.68
09-10-2013,130.01
09-11-2013,165.9
09-12-2013,814.34
09-13-2013,69.4
09-14-2013,106.02
09-15-2013,118.89
09-16-2013,116.49
09-17-2013,97.15
09-18-2013,155.76
09-19-2013,157.36
09-20-2013,75.7
09-21-2013,95.45
09-22-2013,98.07
09-23-2013,144.09
09-24-2013,163.78
09-25-2013,144.12
09-26-2013,176.68
09-27-2013,108.07
09-28-2013,89.71
09-29-2013,74.81
09-30-2013,118.39
10-01-2013,138.7
10-02-2013,164.31
10-03-2013,189.91
10-04-2013,78.25
10-05-2013,50.74
10-06-2013,135.77
10-07-2013,125.25
10-08-2013,145.27
10-09-2013,195.98
10-10-2013,133.49
10-11-2013,159.88
10-12-2013,109.87
10-13-2013,88.8
10-14-2013,186.59
10-15-2013,149.19
10-16-2013,191.03
10-17-2013,158.77
10-18-2013,149.59
10-19-2013,134.94
10-20-2013,104.94
10-21-2013,117.12
10-22-2013,179.29
10-23-2013,159.15
10-24-2013,205.39
10-25-2013,124.39
10-26-2013,90.85
10-27-2013,113
10-28-2013,106.67
10-29-2013,148.04
10-30-2013,210.8
10-31-2013,143.48
11-01-2013,99.79
11-02-2013,118.54
11-03-2013,143.3
11-04-2013,163.74
11-05-2013,202.8
11-06-2013,167.58
11-07-2013,130.2
11-08-2013,169.48
11-09-2013,103.17
11-10-2013,113.65
11-11-2013,185.36
11-12-2013,198.32
11-13-2013,204.54
11-14-2013,226.65
11-15-2013,122.77
11-16-2013,141.46
11-17-2013,128.49
11-18-2013,166.14
11-19-2013,230.02
11-20-2013,213.35
11-21-2013,193.6
11-22-2013,173.4
11-23-2013,116.98
11-24-2013,114.03
11-25-2013,141.36
11-26-2013,150.8
11-27-2013,260.31
11-28-2013,160.92
11-29-2013,149.5
11-30-2013,127.73
12-01-2013,151.33
12-02-2013,693.44
12-03-2013,230.28
12-04-2013,203.22
12-05-2013,193.3
12-06-2013,171.16
12-07-2013,137.57
12-08-2013,193.04
12-09-2013,197.76
12-10-2013,236.49
12-11-2013,243.79
12-12-2013,236.29
12-13-2013,178.16
12-14-2013,120.97
12-15-2013,172.51
12-16-2013,178.91
12-17-2013,214.67
12-18-2013,251.69
12-19-2013,247.77
12-20-2013,184.06
12-21-2013,171.04
12-22-2013,215.04
12-23-2013,211.22
12-24-2013,302.96
12-25-2013,261.23
12-26-2013,182.88
12-27-2013,212.48
12-28-2013,182.99
12-29-2013,214.88
12-30-2013,232.2
12-31-2013,244.64
01-01-2014,226.67
01-02-2014,231.87
01-03-2014,182.57
01-04-2014,169.14
01-05-2014,207.54
01-06-2014,267.3
01-07-2014,268.14
01-08-2014,237.55
01-09-2014,258.36
01-10-2014,243.89
01-11-2014,178.52
01-12-2014,199.57
01-13-2014,235.98
01-14-2014,248.69
01-15-2014,293.66
01-16-2014,254.19
01-17-2014,234.4
01-18-2014,181.47
01-19-2014,201.84
01-20-2014,263.49
01-21-2014,268.75
01-22-2014,330.33
01-23-2014,256.88
01-24-2014,239.12
01-25-2014,236.52
01-26-2014,186.79
01-27-2014,210.82
01-28-2014,249.28
01-29-2014,328
01-30-2014,262.28
01-31-2014,306.6
02-01-2014,208.15
02-02-2014,235.84
02-03-2014,302.29
02-04-2014,346.39
02-05-2014,356.7
02-06-2014,314.93
02-07-2014,276.79
02-08-2014,245.52
02-09-2014,259.04
02-10-2014,258.21
02-11-2014,283.93
02-12-2014,313.13
02-13-2014,288.41
02-14-2014,247.69
02-15-2014,255.85
02-16-2014,271.09
02-17-2014,281.71
02-18-2014,348.71
02-19-2014,291.94
02-20-2014,294.97
02-21-2014,248.13
02-22-2014,198.68
02-23-2014,251.91
02-24-2014,283.1
02-25-2014,356.13
02-26-2014,342.65
02-27-2014,280.46
02-28-2014,318.53
03-01-2014,281.85
03-02-2014,274.38
03-03-2014,286.19
03-04-2014,299.88
03-05-2014,322.99
03-06-2014,338.57
03-07-2014,324.42
03-08-2014,294.9
03-09-2014,252.45
03-10-2014,268.56
03-11-2014,331.93
03-12-2014,292.48
03-13-2014,323.67
03-14-2014,277.7
03-15-2014,248.6
03-16-2014,228.57
03-17-2014,313
03-18-2014,318.55
03-19-2014,310.74
03-20-2014,246.92
03-21-2014,283.69
03-22-2014,307.37
03-23-2014,312.63
03-24-2014,291.23
03-25-2014,319.14
03-26-2014,353.88
03-27-2014,295.77
03-28-2014,293.76
03-29-2014,283.89
03-30-2014,303.28
03-31-2014,301.5
04-01-2014,330.29
04-02-2014,321.23
04-03-2014,300.91
04-04-2014,281.24
04-05-2014,274.45
04-06-2014,295.8
04-07-2014,284.11
04-08-2014,372.72
04-09-2014,336.25
04-10-2014,742.23
04-11-2014,267.75
04-12-2014,204.02
04-13-2014,294.26
04-14-2014,321.65
04-15-2014,896.13
04-16-2014,343.41
04-17-2014,332.72
04-18-2014,245.74
04-19-2014,249.62
04-20-2014,290.08
04-21-2014,269.77
04-22-2014,339.35
04-23-2014,305.41
04-24-2014,328.9
04-25-2014,281.19
04-26-2014,219.58
04-27-2014,296.3
04-28-2014,279.57
04-29-2014,308.41
04-30-2014,340.84
05-01-2014,342.31
05-02-2014,252.89
05-03-2014,257.56
05-04-2014,273.81
05-05-2014,311.03
05-06-2014,328.7
05-07-2014,322.13
05-08-2014,288.25
05-09-2014,275.64
05-10-2014,224.28
05-11-2014,184.99
05-12-2014,299.41
05-13-2014,341.55
05-14-2014,266.77
05-15-2014,278.1
05-16-2014,283.24
05-17-2014,296.67
05-18-2014,252.57
05-19-2014,264.21
05-20-2014,308.17
05-21-2014,353.89
05-22-2014,280.76
05-23-2014,241.23
05-24-2014,226.5
05-25-2014,221.45
05-26-2014,278.6
05-27-2014,346.38
05-28-2014,320.51
05-29-2014,283.41
05-30-2014,246.63
05-31-2014,192.11
06-01-2014,259.89
06-02-2014,266.02
06-03-2014,293.6
06-04-2014,384.52
06-05-2014,289.37
06-06-2014,227.24
06-07-2014,212.56
06-08-2014,258.47
06-09-2014,262.67
06-10-2014,253.96
06-11-2014,31.4
06-12-2014,256.87
06-13-2014,284.47
06-14-2014,241.77
06-15-2014,210.07
06-16-2014,283.3
06-17-2014,283
06-18-2014,309.09
06-19-2014,276.98
06-20-2014,207.73
06-21-2014,189.88
06-22-2014,238.17
06-23-2014,234.04
06-24-2014,262.31
06-25-2014,254.96
06-26-2014,266.49
06-27-2014,271.46
06-28-2014,170.28
06-29-2014,204
06-30-2014,268.68
07-01-2014,261.36
07-02-2014,281.08
07-03-2014,220.28
07-04-2014,221.54
07-05-2014,183.21
07-06-2014,218.97
07-07-2014,253.99
07-08-2014,319.03
07-09-2014,275.21
07-10-2014,245.94
07-11-2014,206.67
07-12-2014,170.06
07-13-2014,193.8
07-14-2014,674.66
07-15-2014,249.57
07-16-2014,284.76
07-17-2014,203.77
07-18-2014,221.47
07-19-2014,203.02
07-20-2014,173.63
07-21-2014,153.59
07-22-2014,221.5
07-23-2014,275.63
07-24-2014,219.79
07-25-2014,159.48
07-26-2014,149.02
07-27-2014,189.21
07-28-2014,211.97
07-29-2014,222.45
07-30-2014,225.84
07-31-2014,202.45
08-01-2014,153.35
08-02-2014,194.05
08-03-2014,152.24
08-04-2014,220.92
08-05-2014,258.73
08-06-2014,252.32
08-07-2014,193.89
08-08-2014,179.03
08-09-2014,145.68
08-10-2014,130.42
08-11-2014,191.41
08-12-2014,184.13
08-13-2014,250.07
08-14-2014,186.19
08-15-2014,167.2
08-16-2014,146.71
08-17-2014,139.99
08-18-2014,191.53
08-19-2014,195.41
08-20-2014,235.95
08-21-2014,158.06
08-22-2014,159.36
08-23-2014,182.25
08-24-2014,115.73
08-25-2014,154.33
08-26-2014,214.67
08-27-2014,213.33
08-28-2014,195.27
08-29-2014,163.36
08-30-2014,144.71
08-31-2014,163.69
09-01-2014,176.86
09-02-2014,191.27
09-03-2014,221.27
09-04-2014,229.77
09-05-2014,143.73
09-06-2014,100.54
09-07-2014,159.82
09-08-2014,159.95
09-09-2014,139.49
09-10-2014,222.3
09-11-2014,165.7
09-12-2014,141.74
09-13-2014,130.32
09-14-2014,134.18
09-15-2014,178.13
09-16-2014,180.5
09-17-2014,211.68
09-18-2014,170.49
09-19-2014,160.53
09-20-2014,656.99
09-21-2014,104.41
09-22-2014,186.08
09-23-2014,176.69
09-24-2014,217.93
09-25-2014,185.2
09-26-2014,187.21
09-27-2014,114.01
09-28-2014,118.59
09-29-2014,158.14
09-30-2014,182.37
10-01-2014,217.74
10-02-2014,135.79
10-03-2014,115.27
10-04-2014,93.42
10-05-2014,151.77
10-06-2014,202.24
10-07-2014,188.35
10-08-2014,194.71
10-09-2014,519.19
10-10-2014,172.17
10-11-2014,98.61
10-12-2014,135.81
10-13-2014,185.86
10-14-2014,205.66
10-15-2014,206
10-16-2014,205.07
10-17-2014,78.2
10-18-2014,141.56
10-19-2014,116.48
10-20-2014,118.85
10-21-2014,209.21
10-22-2014,239.06
10-23-2014,180.22
10-24-2014,173.38
10-25-2014,168.85
10-26-2014,169.79
10-27-2014,209.86
10-28-2014,219.38
10-29-2014,211.15
10-30-2014,148.3
10-31-2014,148.24
11-01-2014,112.45
11-02-2014,196.32
11-03-2014,693.03
11-04-2014,9.05
11-05-2014,228.61
11-06-2014,195.15
11-07-2014,202.62
11-08-2014,123.95
11-09-2014,153.04
11-10-2014,161.83
11-11-2014,179.64
11-12-2014,206.05
11-13-2014,199.78
11-14-2014,156.29
11-15-2014,129.11
11-16-2014,120.04
11-17-2014,185.47
11-18-2014,182.29
11-19-2014,247.74
11-20-2014,210.27
11-21-2014,138.2
11-22-2014,146.42
11-23-2014,144.23
11-24-2014,203.47
11-25-2014,261.47
11-26-2014,190.01
11-27-2014,219.34
11-28-2014,178.99
11-29-2014,179.38
11-30-2014,176.91
12-01-2014,185.33
12-02-2014,228.71
12-03-2014,225.8
12-04-2014,252.27
12-05-2014,192.5
12-06-2014,219.19
12-07-2014,179.2
12-08-2014,195.63
12-09-2014,208.12
12-10-2014,209.97
12-11-2014,195.18
12-12-2014,208.13
12-13-2014,193.92
12-14-2014,150.79
12-15-2014,245.37
12-16-2014,243.6
12-17-2014,268.48
12-18-2014,284.9
12-19-2014,233.73
12-20-2014,184.38
12-21-2014,177.97
12-22-2014,179.17
12-23-2014,247.7
12-24-2014,269.57
12-25-2014,229.98
12-26-2014,218.12
12-27-2014,203.13
12-28-2014,204.76
12-29-2014,226.87
12-30-2014,280.06
12-31-2014,296.07
01-01-2015,237.58
01-02-2015,-165.7
01-03-2015,208.94
01-04-2015,221.05
01-05-2015,271.01
01-06-2015,291.86
01-07-2015,319.03
01-08-2015,282.19
01-09-2015,226.43
01-10-2015,230.57
01-11-2015,202.1
01-12-2015,266.11
01-13-2015,295.27
01-14-2015,300.04
01-15-2015,281.8
01-16-2015,204.66
01-17-2015,217.75
01-18-2015,242.91
01-19-2015,277.25
01-20-2015,280.21
01-21-2015,346.64
01-22-2015,273.07
01-23-2015,285.6
01-24-2015,251.75
01-25-2015,233.98
01-26-2015,327.11
01-27-2015,285.48
01-28-2015,347.33
01-29-2015,329.02
01-30-2015,253.81
01-31-2015,285.02
02-01-2015,252.94
02-02-2015,298.93
02-03-2015,330.73
02-04-2015,329.81
02-05-2015,333
02-06-2015,299.05
02-07-2015,215.04
02-08-2015,300.25
02-09-2015,258.5
02-10-2015,358.29
02-11-2015,369.49
02-12-2015,293.51
02-13-2015,276.89
02-14-2015,238.95
02-15-2015,270
02-16-2015,299.98
02-17-2015,359.47
02-18-2015,381.46
02-19-2015,362.94
02-20-2015,280.25
02-21-2015,268.39
02-22-2015,240.19
02-23-2015,294.31
02-24-2015,370.75
02-25-2015,395.61
02-26-2015,303.58
02-27-2015,285.75
02-28-2015,279.08
03-01-2015,295.26
03-02-2015,300.07
03-03-2015,362.94
03-04-2015,348.95
03-05-2015,339.5
03-06-2015,319.5
03-07-2015,285.03
03-08-2015,282.34
03-09-2015,322.41
03-10-2015,354.82
03-11-2015,356.08
03-12-2015,337.78
03-13-2015,350.05
03-14-2015,302.98
03-15-2015,289.79
03-16-2015,346.34
03-17-2015,352.3
03-18-2015,398.12
03-19-2015,356.79
03-20-2015,310.54
03-21-2015,303.13
03-22-2015,260.72
03-23-2015,303.41
03-24-2015,333.29
03-25-2015,374.7
03-26-2015,393.04
03-27-2015,371.01
03-28-2015,309.73
03-29-2015,314.19
03-30-2015,288.06
03-31-2015,350.92
04-01-2015,352.61
04-02-2015,335.22
04-03-2015,311.88
04-04-2015,282.66
04-05-2015,252.71
04-06-2015,352.14
04-07-2015,337.85
04-08-2015,378.31
04-09-2015,402.45
04-10-2015,292.79
04-11-2015,230.73
04-12-2015,294.4
04-13-2015,360.16
04-14-2015,412.66
04-15-2015,340.46
04-16-2015,361.72
04-17-2015,302.68
04-18-2015,289.72
04-19-2015,365.88
04-20-2015,293.13
04-21-2015,367.95
04-22-2015,380.63
04-23-2015,374.03
04-24-2015,314.19
04-25-2015,297.34
04-26-2015,287.09
04-27-2015,334.39
04-28-2015,349.83
04-29-2015,381.13
04-30-2015,334.15
05-01-2015,317.52
05-02-2015,285.11
05-03-2015,321.09
05-04-2015,322.29
05-05-2015,309.85
05-06-2015,392.76
05-07-2015,316.23
05-08-2015,287.09
05-09-2015,266.16
05-10-2015,322.37
05-11-2015,265.11
05-12-2015,427.42
05-13-2015,382.28
05-14-2015,338.99
05-15-2015,296.47
05-16-2015,282.47
05-17-2015,295.19
05-18-2015,328.66
05-19-2015,356.78
05-20-2015,351.91
05-21-2015,322.15
05-22-2015,287.62
05-23-2015,263.9
05-24-2015,303.85
05-25-2015,320.6
05-26-2015,262.5
05-27-2015,359.09
05-28-2015,324.86
05-29-2015,283.75
05-30-2015,251.78
05-31-2015,296.23
06-01-2015,321.98
06-02-2015,309.12
06-03-2015,345.22
06-04-2015,287.97
06-05-2015,241.91
06-06-2015,237.93
06-07-2015,281.71
06-08-2015,314.07
06-09-2015,333.15
06-10-2015,344.97
06-11-2015,316.9
06-12-2015,252.03
06-13-2015,256
06-14-2015,21.26
06-15-2015,300.59
06-16-2015,341.48
06-17-2015,335.94
06-18-2015,304.12
06-19-2015,286.11
06-20-2015,235.79
06-21-2015,220.85
06-22-2015,268.82
06-23-2015,284.27
06-24-2015,292.45
06-25-2015,282.79
06-26-2015,230.59
06-27-2015,219.77
06-28-2015,186.56
06-29-2015,269.21
06-30-2015,293.88
07-01-2015,279.85
07-02-2015,293.82
07-03-2015,264.77
07-04-2015,178.2
07-05-2015,205.75
07-06-2015,235.57
07-07-2015,261.28
07-08-2015,311.95
07-09-2015,263.44
07-10-2015,225.68
07-11-2015,159.27
07-12-2015,231.7
07-13-2015,214.84
07-14-2015,277.32
07-15-2015,289.22
07-16-2015,293.4
07-17-2015,190.7
07-18-2015,125.05
07-19-2015,211.62
07-20-2015,282.08
07-21-2015,298.09
07-22-2015,278.86
07-23-2015,238.48
07-24-2015,235.04
07-25-2015,167.69
07-26-2015,210.48
07-27-2015,241.31
07-28-2015,285.29
07-29-2015,334.35
07-30-2015,252.39
07-31-2015,194.01
08-01-2015,183.34
08-02-2015,146.37
08-03-2015,203.41
08-04-2015,240.73
08-05-2015,244.52
08-06-2015,238.74
08-07-2015,178.61
08-08-2015,204.53
08-09-2015,183.22
08-10-2015,213.26
08-11-2015,235.58
08-12-2015,254.42
08-13-2015,248.57
08-14-2015,170.62
08-15-2015,153.28
08-16-2015,168.96
08-17-2015,173.29
08-18-2015,216.86
08-19-2015,232.31
08-20-2015,243.59
08-21-2015,192.77
08-22-2015,168.6
08-23-2015,191.98
08-24-2015,197.78
08-25-2015,241.51
08-26-2015,236.17
08-27-2015,223.03
08-28-2015,166.43
08-29-2015,97.73
08-30-2015,162.42
08-31-2015,231.99
09-01-2015,250.25
09-02-2015,258.36
09-03-2015,242.93
09-04-2015,178.99
09-05-2015,159.54
09-06-2015,146.39
09-07-2015,184.72
09-08-2015,238.84
09-09-2015,-106.61
09-10-2015,205.19
09-11-2015,162.32
09-12-2015,151.58
09-13-2015,173.98
09-14-2015,153.8
09-15-2015,163.46
09-16-2015,214.55
09-17-2015,175.9
09-18-2015,158.77
09-19-2015,145.93
09-20-2015,145.83
09-21-2015,224.59
09-22-2015,227.58
09-23-2015,234.53
09-24-2015,220.84
09-25-2015,142.04
09-26-2015,174.8
09-27-2015,154.63
09-28-2015,204.57
09-29-2015,192.31
09-30-2015,188.03
10-01-2015,225.76
10-02-2015,180.11
10-03-2015,126.63
10-04-2015,135.3
10-05-2015,216.62
10-06-2015,190.22
10-07-2015,268.96
10-08-2015,183.98
10-09-2015,188
10-10-2015,142.47
10-11-2015,-209.89
10-12-2015,176.73
10-13-2015,217.89
10-14-2015,231.09
10-15-2015,183.77
10-16-2015,193.06
10-17-2015,140.52
10-18-2015,155.83
10-19-2015,-226.28
10-20-2015,161.04
10-21-2015,228.59
10-22-2015,272.6
10-23-2015,197.77
10-24-2015,156.64
10-25-2015,158.9
10-26-2015,197.95
10-27-2015,243.01
10-28-2015,208.23
10-29-2015,244.68
10-30-2015,200.73
10-31-2015,179.92
11-01-2015,181.42
11-02-2015,203.02
11-03-2015,251.44
11-04-2015,257.97
11-05-2015,213.54
11-06-2015,174.22
11-07-2015,170.35
11-08-2015,768.87
11-09-2015,177.67
11-10-2015,204.19
11-11-2015,253.69
11-12-2015,230.18
11-13-2015,199.54
11-14-2015,180.68
11-15-2015,177.77
11-16-2015,252.92
11-17-2015,208
11-18-2015,236.12
11-19-2015,233.72
11-20-2015,161.63
11-21-2015,177.81
11-22-2015,232.61
11-23-2015,224.04
11-24-2015,261.74
11-25-2015,233.38
11-26-2015,229.04
11-27-2015,201.58
11-28-2015,182.61
11-29-2015,231.57
11-30-2015,246
12-01-2015,236.82
12-02-2015,279.78
12-03-2015,265.72
12-04-2015,248.36
12-05-2015,239.05
12-06-2015,183.21
12-07-2015,220.92
12-08-2015,242.38
12-09-2015,277.04
12-10-2015,274.27
12-11-2015,253.96
12-12-2015,207.12
12-13-2015,210.13
12-14-2015,254.59
12-15-2015,262.59
12-16-2015,344.84
12-17-2015,232.18
12-18-2015,243.7
12-19-2015,269.46
12-20-2015,228.19
12-21-2015,255.98
12-22-2015,284.51
12-23-2015,298.1
12-24-2015,316.73
12-25-2015,193.85
12-26-2015,267.3
12-27-2015,202.54
12-28-2015,264.2
12-29-2015,292.86
12-30-2015,327.49
12-31-2015,252.64
01-01-2016,270.89
01-02-2016,289.76
01-03-2016,214.25
01-04-2016,285.8
01-05-2016,297.24
01-06-2016,333.61
01-07-2016,303.25
01-08-2016,253.46
01-09-2016,261.5
01-10-2016,303.57
01-11-2016,286.4
01-12-2016,341.87
01-13-2016,300.69
01-14-2016,745.44
01-15-2016,291.32
01-16-2016,296.38
01-17-2016,277.29
01-18-2016,293.24
01-19-2016,333.71
01-20-2016,311.57
01-21-2016,337.68
01-22-2016,311.28
01-23-2016,257.63
01-24-2016,266.25
01-25-2016,317.26
01-26-2016,332.29
01-27-2016,350.6
01-28-2016,384.41
01-29-2016,292.32
01-30-2016,269.18
01-31-2016,270.95
02-01-2016,338.27
02-02-2016,347.66
02-03-2016,344.91
02-04-2016,373.76
02-05-2016,342.71
02-06-2016,271.77
02-07-2016,249.02
02-08-2016,353.31
02-09-2016,737.04
02-10-2016,389.17
02-11-2016,299.63
02-12-2016,337.59
02-13-2016,264.44
02-14-2016,321.79
02-15-2016,336.21
02-16-2016,344.31
02-17-2016,366.73
02-18-2016,373.43
02-19-2016,325.19
02-20-2016,316.48
02-21-2016,359.96
02-22-2016,303.65
02-23-2016,415.37
02-24-2016,386.17
02-25-2016,340.32
02-26-2016,295.68
02-27-2016,303.4
02-28-2016,339.71
02-29-2016,345.55
03-01-2016,418.56
03-02-2016,352.99
03-03-2016,368.05
03-04-2016,303.05
03-05-2016,322.5
03-06-2016,343.98
03-07-2016,343.21
03-08-2016,320.52
03-09-2016,398.93
03-10-2016,383.82
03-11-2016,348.86
03-12-2016,348.54
03-13-2016,299.11
03-14-2016,374.66
03-15-2016,419.21
03-16-2016,353.11
03-17-2016,384.35
03-18-2016,329.44
03-19-2016,318.75
03-20-2016,337.56
03-21-2016,348.29
03-22-2016,375.16
03-23-2016,400.92
03-24-2016,351.51
03-25-2016,317.07
03-26-2016,339.78
03-27-2016,301.99
03-28-2016,378.81
03-29-2016,405.13
03-30-2016,358.27
03-31-2016,362.93
04-01-2016,375.09
04-02-2016,299.11
04-03-2016,319.78
04-04-2016,374.22
04-05-2016,413.51
04-06-2016,395.31
04-07-2016,364.95
04-08-2016,380.65
04-09-2016,366.81
04-10-2016,355.39
04-11-2016,-18.02
04-12-2016,372.91
04-13-2016,379.87
04-14-2016,391.82
04-15-2016,354.26
04-16-2016,356.92
04-17-2016,345.56
04-18-2016,322.67
04-19-2016,417.48
04-20-2016,373.58
04-21-2016,366.9
04-22-2016,347.63
04-23-2016,369.19
04-24-2016,404.32
04-25-2016,372.53
04-26-2016,383.56
04-27-2016,408.7
04-28-2016,395.35
04-29-2016,329.87
04-30-2016,360.54
05-01-2016,328.53
05-02-2016,365.87
05-03-2016,400.7
05-04-2016,401.65
05-05-2016,389.75
05-06-2016,317.93
05-07-2016,297.04
05-08-2016,290.47
05-09-2016,359.48
05-10-2016,398.45
05-11-2016,397.35
05-12-2016,405.31
05-13-2016,327.76
05-14-2016,322.12
05-15-2016,284.97
05-16-2016,332.97
05-17-2016,390.4
05-18-2016,401.04
05-19-2016,349.89
05-20-2016,319.78
05-21-2016,261.02
05-22-2016,296.78
05-23-2016,358.24
05-24-2016,380.62
05-25-2016,385.45
05-26-2016,351.5
05-27-2016,314.67
05-28-2016,275.27
05-29-2016,315.89
05-30-2016,339.13
05-31-2016,120.78
06-01-2016,352.23
06-02-2016,288.77
06-03-2016,334.18
06-04-2016,271.99
06-05-2016,268.95
06-06-2016,337.96
06-07-2016,340.92
06-08-2016,383.75
06-09-2016,704.19
06-10-2016,315.58
06-11-2016,241.48
06-12-2016,312.43
06-13-2016,318.71
06-14-2016,332.98
06-15-2016,352.27
06-16-2016,281.39
06-17-2016,300.04
06-18-2016,241.19
06-19-2016,239.56
06-20-2016,265.32
06-21-2016,361.19
06-22-2016,324.09
06-23-2016,355.24
06-24-2016,267.5
06-25-2016,215.28
06-26-2016,236.48
06-27-2016,325.27
06-28-2016,320.46
06-29-2016,317.07
06-30-2016,311.84
07-01-2016,284.38
07-02-2016,276.83
07-03-2016,291.54
07-04-2016,276.31
07-05-2016,282.13
07-06-2016,311.38
07-07-2016,305.29
07-08-2016,238.69
07-09-2016,215.93
07-10-2016,254.89
07-11-2016,275.08
07-12-2016,307.12
07-13-2016,293.79
07-14-2016,284.09
07-15-2016,230.78
07-16-2016,253.24
07-17-2016,263.35
07-18-2016,221.35
07-19-2016,274.31
07-20-2016,266.63
07-21-2016,264.93
07-22-2016,243.18
07-23-2016,186.18
07-24-2016,205.91
07-25-2016,233.95
07-26-2016,294.33
07-27-2016,297.45
07-28-2016,254.88
07-29-2016,241.49
07-30-2016,200.63
07-31-2016,214.11
08-01-2016,292.91
08-02-2016,314.76
08-03-2016,255.41
08-04-2016,285.93
08-05-2016,249.71
08-06-2016,178.03
08-07-2016,233.9
08-08-2016,282.14
08-09-2016,245.91
08-10-2016,257.77
08-11-2016,283.54
08-12-2016,229.23
08-13-2016,213.65
08-14-2016,215.18
08-15-2016,246.8
08-16-2016,234.26
08-17-2016,300.45
08-18-2016,281.02
08-19-2016,210.5
08-20-2016,192.68
08-21-2016,162.42
08-22-2016,244.04
08-23-2016,276
08-24-2016,267.12
08-25-2016,274.42
08-26-2016,202.54
08-27-2016,202.68
08-28-2016,170.13
08-29-2016,225.66
08-30-2016,252.54
08-31-2016,269.65
09-01-2016,232.56
09-02-2016,203.23
09-03-2016,204.99
09-04-2016,180.62
09-05-2016,182.15
09-06-2016,296.85
09-07-2016,294.91
09-08-2016,205.99
09-09-2016,220.42
09-10-2016,168.57
09-11-2016,195.08
09-12-2016,226.78
09-13-2016,244.51
09-14-2016,238.2
09-15-2016,218.62
09-16-2016,178.01
09-17-2016,158.25
09-18-2016,184.88
09-19-2016,199.75
09-20-2016,-66.84
09-21-2016,916.47
09-22-2016,220.08
09-23-2016,205.77
09-24-2016,190.57
09-25-2016,197.55
09-26-2016,218.9
09-27-2016,266.85
09-28-2016,268.09
09-29-2016,203.5
09-30-2016,221.53
10-01-2016,200.44
10-02-2016,167.02
10-03-2016,218.47
10-04-2016,266.05
10-05-2016,251.65
10-06-2016,262.28
10-07-2016,260.08
10-08-2016,159.96
10-09-2016,153.09
10-10-2016,226.8
10-11-2016,268.85
10-12-2016,253.12
10-13-2016,273.96
10-14-2016,169.85
10-15-2016,626.11
10-16-2016,175.13
10-17-2016,265.01
10-18-2016,303.6
10-19-2016,-203.48
10-20-2016,227.19
10-21-2016,228.27
10-22-2016,176.04
10-23-2016,192.91
10-24-2016,226.58
10-25-2016,209.88
10-26-2016,265.92
10-27-2016,228.07
10-28-2016,198.99
10-29-2016,226.5
10-30-2016,167.48
10-31-2016,251.27
11-01-2016,256.03
11-02-2016,264.55
11-03-2016,270.5
11-04-2016,225.39
11-05-2016,811.25
11-06-2016,228.94
11-07-2016,228.64
11-08-2016,253.82
11-09-2016,250.68
11-10-2016,236.5
11-11-2016,297.13
11-12-2016,233.89
11-13-2016,177.74
11-14-2016,210.77
11-15-2016,288.2
11-16-2016,298.63
11-17-2016,278.12
11-18-2016,224.42
11-19-2016,207.14
11-20-2016,227.33
11-21-2016,253.7
11-22-2016,228.51
11-23-2016,287.15
11-24-2016,640.21
11-25-2016,243.33
11-26-2016,293.16
11-27-2016,236.67
11-28-2016,252.17
11-29-2016,315.59
11-30-2016,313.6
12-01-2016,291.68
12-02-2016,262.93
12-03-2016,278.84
12-04-2016,208.19
12-05-2016,280.91
12-06-2016,278.52
12-07-2016,324.63
12-08-2016,267.49
12-09-2016,246.68
12-10-2016,229.46
12-11-2016,270.34
12-12-2016,301.57
12-13-2016,280.13
12-14-2016,321.77
12-15-2016,282.43
12-16-2016,235.41
12-17-2016,241.22
12-18-2016,248.09
12-19-2016,349.17
12-20-2016,332.03
12-21-2016,295.93
12-22-2016,296.05
12-23-2016,302.44
12-24-2016,308.93
12-25-2016,226.24
12-26-2016,251.62
12-27-2016,378.12
12-28-2016,350.26
12-29-2016,298.63
12-30-2016,300.45
12-31-2016,201.01
01-01-2017,274.79
01-02-2017,315.63
01-03-2017,363.27
01-04-2017,323.99
01-05-2017,331.3
01-06-2017,272.76
01-07-2017,282.09
01-08-2017,262.49
01-09-2017,307.38
01-10-2017,325.4
01-11-2017,375.73
01-12-2017,360.71
01-13-2017,300.09
01-14-2017,286.69
01-15-2017,258.66
01-16-2017,320.07
01-17-2017,358.98
01-18-2017,434.87
01-19-2017,321.3
01-20-2017,352.37
01-21-2017,320.42
01-22-2017,311.6
01-23-2017,381.18
01-24-2017,379.14
01-25-2017,388.62
01-26-2017,357.25
01-27-2017,355.77
01-28-2017,332.26
01-29-2017,298.22
01-30-2017,313.44
01-31-2017,373.89
02-01-2017,367.95
02-02-2017,977.9
02-03-2017,365.02
02-04-2017,302.23
02-05-2017,321.52
02-06-2017,356.51
02-07-2017,408.72
02-08-2017,340.23
02-09-2017,360.74
02-10-2017,347.62
02-11-2017,351.82
02-12-2017,318.35
02-13-2017,316.09
02-14-2017,410.84
02-15-2017,388.25
02-16-2017,353.79
02-17-2017,334.23
02-18-2017,324.59
02-19-2017,322.79
02-20-2017,315.02
02-21-2017,424.81
02-22-2017,442.91
02-23-2017,406.59
02-24-2017,328.05
02-25-2017,330.69
02-26-2017,344.14
02-27-2017,391.38
02-28-2017,425.21
03-01-2017,398.67
03-02-2017,398.2
03-03-2017,373.63
03-04-2017,377.69
03-05-2017,367.34
03-06-2017,401.42
03-07-2017,415.73
03-08-2017,457.27
03-09-2017,411.24
03-10-2017,345.36
03-11-2017,380.92
03-12-2017,371.56
03-13-2017,374.85
03-14-2017,405.73
03-15-2017,433.35
03-16-2017,416.35
03-17-2017,375.44
03-18-2017,357.07
03-19-2017,399.92
03-20-2017,415.86
03-21-2017,425.47
03-22-2017,452.29
03-23-2017,381.61
03-24-2017,382.95
03-25-2017,396.86
03-26-2017,354.14
03-27-2017,369.88
03-28-2017,406.24
03-29-2017,403.19
03-30-2017,389.32
03-31-2017,365.09
04-01-2017,317.67
04-02-2017,360.99
04-03-2017,414.48
04-04-2017,400.53
04-05-2017,468.94
04-06-2017,422.06
04-07-2017,400.3
04-08-2017,336.38
04-09-2017,381.82
04-10-2017,364.32
04-11-2017,445.01
04-12-2017,434.61
04-13-2017,422.32
04-14-2017,344.18
04-15-2017,329.32
04-16-2017,374.1
04-17-2017,366.45
04-18-2017,432.71
04-19-2017,394.36
04-20-2017,427.75
04-21-2017,340.66
04-22-2017,363.24
04-23-2017,372.39
04-24-2017,370.17
04-25-2017,432.95
04-26-2017,432.16
04-27-2017,390.04
04-28-2017,343.06
04-29-2017,297.02
04-30-2017,361.99
05-01-2017,344.82
05-02-2017,416.99
05-03-2017,415.12
05-04-2017,416.4
05-05-2017,356.49
05-06-2017,333.48
05-07-2017,367.03
05-08-2017,387.66
05-09-2017,417.71
05-10-2017,428.5
05-11-2017,355.96
05-12-2017,377.76
05-13-2017,351.69
05-14-2017,317.85
05-15-2017,367.59
05-16-2017,403.11
05-17-2017,407.56
05-18-2017,396.73
05-19-2017,388.53
05-20-2017,357.22
05-21-2017,304.14
05-22-2017,382.8
05-23-2017,430.76
05-24-2017,413.93
05-25-2017,408.88
05-26-2017,396.18
05-27-2017,348.78
05-28-2017,336.09
05-29-2017,386.19
05-30-2017,393.88
05-31-2017,397.48
06-01-2017,365.35
06-02-2017,377.4
06-03-2017,295.08
06-04-2017,360.43
06-05-2017,364.74
06-06-2017,347.37
06-07-2017,398.1
06-08-2017,313.59
06-09-2017,345.82
06-10-2017,329.47
06-11-2017,299.05
06-12-2017,347
06-13-2017,422.82
06-14-2017,367.81
06-15-2017,331.1
06-16-2017,358.66
06-17-2017,347.79
06-18-2017,305.29
06-19-2017,360.49
06-20-2017,398.75
06-21-2017,837.23
06-22-2017,928.22
06-23-2017,343.52
06-24-2017,331.95
06-25-2017,310.34
06-26-2017,304.25
06-27-2017,405.9
06-28-2017,349.38
06-29-2017,331.34
06-30-2017,312.27
07-01-2017,319.63
07-02-2017,308.55
07-03-2017,327.55
07-04-2017,358.74
07-05-2017,354.67
07-06-2017,344.6
07-07-2017,231.41
07-08-2017,264.3
07-09-2017,284.18
07-10-2017,279.36
07-11-2017,347.79
07-12-2017,339.47
07-13-2017,365.55
07-14-2017,325.01
07-15-2017,251.14
07-16-2017,265.48
07-17-2017,297.42
07-18-2017,318.01
07-19-2017,340.66
07-20-2017,293.95
07-21-2017,248.71
07-22-2017,269.69
07-23-2017,276.37
07-24-2017,270.6
07-25-2017,343.17
07-26-2017,311.54
07-27-2017,310.85
07-28-2017,289.16
07-29-2017,245.01
07-30-2017,263.81
07-31-2017,269.67
08-01-2017,307.83
08-02-2017,314.21
08-03-2017,277.96
08-04-2017,256.41
08-05-2017,199.4
08-06-2017,232.51
08-07-2017,267.9
08-08-2017,298.86
08-09-2017,305.94
08-10-2017,287.79
08-11-2017,265.63
08-12-2017,252.9
08-13-2017,221.56
08-14-2017,238.06
08-15-2017,272.44
08-16-2017,293.13
08-17-2017,273.99
08-18-2017,227.95
08-19-2017,192.31
08-20-2017,220.19
08-21-2017,266.59
08-22-2017,307.4
08-23-2017,285.53
08-24-2017,266.74
08-25-2017,218.44
08-26-2017,218.46
08-27-2017,205.05
08-28-2017,271.18
08-29-2017,242.81
08-30-2017,285.55
08-31-2017,279.8
09-01-2017,241.55
09-02-2017,282.05
09-03-2017,230.63
09-04-2017,227.52
09-05-2017,280.98
09-06-2017,246.19
09-07-2017,266.46
09-08-2017,212.48
09-09-2017,234.11
09-10-2017,204.8
09-11-2017,246.5
09-12-2017,264.44
09-13-2017,331.18
09-14-2017,257.71
09-15-2017,276.55
09-16-2017,229.17
09-17-2017,228.33
09-18-2017,256.54
09-19-2017,288.23
09-20-2017,237.74
09-21-2017,257.15
09-22-2017,250.4
09-23-2017,206.3
09-24-2017,180.02
09-25-2017,245.05
09-26-2017,320.19
09-27-2017,316.46
09-28-2017,262.1
09-29-2017,252.75
09-30-2017,198.21
10-01-2017,172.58
10-02-2017,223.43
10-03-2017,317.01
10-04-2017,737.99
10-05-2017,258.25
10-06-2017,222.32
10-07-2017,255.99
10-08-2017,257
10-09-2017,303.36
10-10-2017,275.47
10-11-2017,294.88
10-12-2017,228.26
10-13-2017,268.75
10-14-2017,181.37
10-15-2017,224.11
10-16-2017,222.95
10-17-2017,267.39
10-18-2017,269.37
10-19-2017,253.96
10-20-2017,221.48
10-21-2017,200.15
10-22-2017,242.98
10-23-2017,-233.33
10-24-2017,291.39
10-25-2017,324.68
10-26-2017,260.41
10-27-2017,221.25
10-28-2017,212.49
10-29-2017,256.18
10-30-2017,263.55
10-31-2017,277.44
11-01-2017,311.32
11-02-2017,250.82
11-03-2017,261.51
11-04-2017,233.89
11-05-2017,224.56
11-06-2017,243.44
11-07-2017,274.4
11-08-2017,318.58
11-09-2017,315.22
11-10-2017,234.8
11-11-2017,241.52
11-12-2017,186.6
11-13-2017,256.44
11-14-2017,302.57
11-15-2017,289.37
11-16-2017,268.11
11-17-2017,241.19
11-18-2017,244.64
11-19-2017,241.48
11-20-2017,222.6
11-21-2017,257.95
11-22-2017,304.67
11-23-2017,310.81
11-24-2017,197.15
11-25-2017,232.89
11-26-2017,241.16
11-27-2017,321.52
11-28-2017,309.69
11-29-2017,337.86
11-30-2017,311.44
12-01-2017,221.2
12-02-2017,273.32
12-03-2017,268.51
12-04-2017,308.41
12-05-2017,426.45
12-06-2017,285.25
12-07-2017,360.16
12-08-2017,276.49
12-09-2017,270.57
12-10-2017,271.34
12-11-2017,294.52
12-12-2017,323.53
12-13-2017,355.13
12-14-2017,288.71
12-15-2017,312.1
12-16-2017,262.7
12-17-2017,253.99
12-18-2017,303.68
12-19-2017,379.06
12-20-2017,343.4
12-21-2017,345.54
12-22-2017,285.03
12-23-2017,302.06
12-24-2017,309.41
12-25-2017,371.21
12-26-2017,353.33
12-27-2017,383.62
12-28-2017,349.16
12-29-2017,-99.77
12-30-2017,275.3
12-31-2017,893.81
01-01-2018,330.32
01-02-2018,366.31
01-03-2018,379.39
01-04-2018,363.21
01-05-2018,320.74
01-06-2018,308.83
01-07-2018,352.08
01-08-2018,369.99
01-09-2018,399.79
01-10-2018,110.7
01-11-2018,344.79
01-12-2018,357.62
01-13-2018,335.42
01-14-2018,359.48
01-15-2018,340.26
01-16-2018,382.3
01-17-2018,356.18
01-18-2018,367.1
01-19-2018,368.51
01-20-2018,311.67
01-21-2018,348.44
01-22-2018,360.3
01-23-2018,405.79
01-24-2018,378.07
01-25-2018,388.59
01-26-2018,278.3
01-27-2018,328.08
01-28-2018,301.02
01-29-2018,404.5
01-30-2018,426.34
01-31-2018,427.56
02-01-2018,433.54
02-02-2018,338.33
02-03-2018,385.33
02-04-2018,373.89
02-05-2018,377.16
02-06-2018,443.93
02-07-2018,396.79
02-08-2018,383.35
02-09-2018,355.19
02-10-2018,336.68
02-11-2018,332.33
02-12-2018,421.7
02-13-2018,417.01
02-14-2018,441.09
02-15-2018,397.44
02-16-2018,332.51
02-17-2018,364.16
02-18-2018,318.33
02-19-2018,396.68
02-20-2018,396.43
02-21-2018,488.99
02-22-2018,441.38
02-23-2018,387.44
02-24-2018,395.65
02-25-2018,351.49
02-26-2018,418.37
02-27-2018,441.89
02-28-2018,452.03
03-01-2018,456.39
03-02-2018,408.96
03-03-2018,376.98
03-04-2018,336.85
03-05-2018,386.21
03-06-2018,439.1
03-07-2018,452.9
03-08-2018,401.32
03-09-2018,455.78
03-10-2018,412.36
03-11-2018,397.81
03-12-2018,416.4
03-13-2018,441.1
03-14-2018,430.85
03-15-2018,435.44
03-16-2018,405.71
03-17-2018,347.03
03-18-2018,981.99
03-19-2018,414.01
03-20-2018,401.85
03-21-2018,436.12
03-22-2018,425.98
03-23-2018,449.11
03-24-2018,394.48
03-25-2018,355.17
03-26-2018,432.22
03-27-2018,412.87
03-28-2018,486.54
03-29-2018,426.22
03-30-2018,401.09
03-31-2018,415.06
04-01-2018,357.56
04-02-2018,386.15
04-03-2018,437.82
04-04-2018,486.12
04-05-2018,400.53
04-06-2018,332.98
04-07-2018,370.82
04-08-2018,403.55
04-09-2018,450.94
04-10-2018,440.52
04-11-2018,449.4
04-12-2018,466.73
04-13-2018,356.24
04-14-2018,371.42
04-15-2018,393.39
04-16-2018,430.87
04-17-2018,437.89
04-18-2018,458.92
04-19-2018,373.89
04-20-2018,384.59
04-21-2018,390.37
04-22-2018,361.81
04-23-2018,418.7
04-24-2018,459.24
04-25-2018,446.77
04-26-2018,437.47
04-27-2018,373.93
04-28-2018,370.67
04-29-2018,398.28
04-30-2018,417.65
05-01-2018,429.76
05-02-2018,457.14
05-03-2018,447.14
05-04-2018,342.66
05-05-2018,400.58
05-06-2018,370.24
05-07-2018,419.85
05-08-2018,469.69
05-09-2018,412.45
05-10-2018,406.6
05-11-2018,381.63
05-12-2018,346.81
05-13-2018,416.68
05-14-2018,382.33
05-15-2018,420.28
05-16-2018,446.13
05-17-2018,388.44
05-18-2018,372.98
05-19-2018,368.25
05-20-2018,358.78
05-21-2018,395.09
05-22-2018,414.49
05-23-2018,396.61
05-24-2018,419.87
05-25-2018,419.98
05-26-2018,353.89
05-27-2018,365.75
05-28-2018,407.65
05-29-2018,388.81
05-30-2018,469.75
05-31-2018,409.51
06-01-2018,409.43
06-02-2018,327.55
06-03-2018,397.92
06-04-2018,401.98
06-05-2018,426.55
06-06-2018,425.14
06-07-2018,390.26
06-08-2018,390.59
06-09-2018,341.26
06-10-2018,295.1
06-11-2018,346.41
06-12-2018,399.75
06-13-2018,418.65
06-14-2018,386.61
06-15-2018,382.55
06-16-2018,280.41
06-17-2018,339.25
06-18-2018,320.22
06-19-2018,414.68
06-20-2018,399.78
06-21-2018,389.72
06-22-2018,321.64
06-23-2018,352.3
06-24-2018,352.8
06-25-2018,371.33
06-26-2018,383.49
06-27-2018,407.65
06-28-2018,352.55
06-29-2018,355.6
06-30-2018,352.52
07-01-2018,344.47
07-02-2018,329.44
07-03-2018,386.69
07-04-2018,351.76
07-05-2018,375.46
07-06-2018,336.41
07-07-2018,255.46
07-08-2018,279.6
07-09-2018,331.55
07-10-2018,361.1
07-11-2018,344.83
07-12-2018,361.87
07-13-2018,322.45
07-14-2018,288.39
07-15-2018,280.82
07-16-2018,355.95
07-17-2018,401.14
07-18-2018,354.14
07-19-2018,328.04
07-20-2018,319.69
07-21-2018,275.59
07-22-2018,287.56
07-23-2018,339.6
07-24-2018,303.45
07-25-2018,390.68
07-26-2018,336.71
07-27-2018,288.73
07-28-2018,273.98
07-29-2018,-213.62
07-30-2018,269.64
07-31-2018,380.44
08-01-2018,350.7
08-02-2018,338
08-03-2018,314.91
08-04-2018,242.86
08-05-2018,286.89
08-06-2018,298.58
08-07-2018,356.67
08-08-2018,289.02
08-09-2018,317.07
08-10-2018,268.76
08-11-2018,272.02
08-12-2018,279.72
08-13-2018,280.59
08-14-2018,310.82
08-15-2018,332.66
08-16-2018,290.46
08-17-2018,298.33
08-18-2018,245.54
08-19-2018,188.96
08-20-2018,282.71
08-21-2018,296.57
08-22-2018,288.67
08-23-2018,276.1
08-24-2018,274.3
08-25-2018,282.39
08-26-2018,264
08-27-2018,271.58
08-28-2018,328.73
08-29-2018,312.91
08-30-2018,284.74
08-31-2018,237.9
09-01-2018,200.72
09-02-2018,241.91
09-03-2018,286.32
09-04-2018,310.68
09-05-2018,309.9
09-06-2018,274.51
09-07-2018,278.17
09-08-2018,-64.1
09-09-2018,267.56
09-10-2018,253.96
09-11-2018,291.09
09-12-2018,280.59
09-13-2018,282.74
09-14-2018,284.62
09-15-2018,251.19
09-16-2018,270.2
09-17-2018,289.82
09-18-2018,280.21
09-19-2018,307.05
09-20-2018,273.99
09-21-2018,291.88
09-22-2018,206.92
09-23-2018,266.79
09-24-2018,297.95
09-25-2018,352.58
09-26-2018,304.27
09-27-2018,310.66
09-28-2018,315.19
09-29-2018,221.09
09-30-2018,205.93
10-01-2018,228.65
10-02-2018,324.84
10-03-2018,267.79
10-04-2018,284.06
10-05-2018,269.76
10-06-2018,242.01
10-07-2018,255.96
10-08-2018,282.39
10-09-2018,340.34
10-10-2018,292.57
10-11-2018,278.12
10-12-2018,241.35
10-13-2018,260.14
10-14-2018,270
10-15-2018,290.45
10-16-2018,340.45
10-17-2018,289.59
10-18-2018,339.55
10-19-2018,301.73
10-20-2018,260.92
10-21-2018,295.33
10-22-2018,241.21
10-23-2018,301.37
10-24-2018,304.43
10-25-2018,319.83
10-26-2018,241.48
10-27-2018,265.7
10-28-2018,289.44
10-29-2018,304.55
10-30-2018,326.27
10-31-2018,302.96
11-01-2018,285.61
11-02-2018,304.11
11-03-2018,271.53
11-04-2018,259.63
11-05-2018,282.29
11-06-2018,274.24
11-07-2018,306.73
11-08-2018,360.56
11-09-2018,246.98
11-10-2018,263.04
11-11-2018,292.18
11-12-2018,267.88
11-13-2018,336.15
11-14-2018,363.73
11-15-2018,319.99
11-16-2018,357.73
11-17-2018,223.74
11-18-2018,300.73
11-19-2018,302.32
11-20-2018,358.33
11-21-2018,358.93
11-22-2018,309.07
11-23-2018,299.58
11-24-2018,226.95
11-25-2018,297.4
11-26-2018,322.25
11-27-2018,363.26
11-28-2018,382.7
11-29-2018,345.04
11-30-2018,306.11
12-01-2018,260.01
12-02-2018,273.23
12-03-2018,353.28
12-04-2018,392.1
12-05-2018,359.27
12-06-2018,346.06
12-07-2018,288.92
12-08-2018,320.56
12-09-2018,316.96
12-10-2018,381.49
12-11-2018,343.65
12-12-2018,365.26
12-13-2018,360.24
12-14-2018,337.3
12-15-2018,295.51
12-16-2018,288.21
12-17-2018,364.75
12-18-2018,393.44
12-19-2018,361.65
12-20-2018,398.24
12-21-2018,360.33
12-22-2018,-179.32
12-23-2018,322.03
12-24-2018,366.61
12-25-2018,363.94
12-26-2018,395.4
12-27-2018,320.65
12-28-2018,363.12
12-29-2018,281.98
12-30-2018,367.79
12-31-2018,354.68
01-01-2019,390.37
01-02-2019,389.15
01-03-2019,377.46
01-04-2019,386.86
01-05-2019,269.02
01-06-2019,372.31
01-07-2019,381.56
01-08-2019,375.65
01-09-2019,388.11
01-10-2019,436.7
01-11-2019,337.88
01-12-2019,312.47
01-13-2019,378.89
01-14-2019,391.61
01-15-2019,392.39
01-16-2019,430.38
01-17-2019,379.08
01-18-2019,398.93
01-19-2019,377.69
01-20-2019,373.56
01-21-2019,401.95
01-22-2019,469.57
01-23-2019,434.62
01-24-2019,384.78
01-25-2019,392.19
01-26-2019,412.79
01-27-2019,344.31
01-28-2019,393.22
01-29-2019,445.24
01-30-2019,442.48
01-31-2019,398.9
02-01-2019,418.06
02-02-2019,427.62
02-03-2019,383.48
02-04-2019,388.47
02-05-2019,404.83
02-06-2019,458.92
02-07-2019,459.6
02-08-2019,410.34
02-09-2019,377.91
02-10-2019,372.1
02-11-2019,391.92
02-12-2019,472.47
02-13-2019,483.26
02-14-2019,401.2
02-15-2019,445.94
02-16-2019,399.94
02-17-2019,429.32
02-18-2019,393.06
02-19-2019,424.73
02-20-2019,463.84
02-21-2019,459.44
02-22-2019,458
02-23-2019,410.02
02-24-2019,394.92
02-25-2019,407.47
02-26-2019,496.01
02-27-2019,449.7
02-28-2019,493.71
03-01-2019,411.97
03-02-2019,437.98
03-03-2019,423.66
03-04-2019,435.27
03-05-2019,457.7
03-06-2019,470.58
03-07-2019,468.84
03-08-2019,426
03-09-2019,388.21
03-10-2019,407.24
03-11-2019,445.21
03-12-2019,421.86
03-13-2019,494.79
03-14-2019,437.72
03-15-2019,399.16
03-16-2019,364.64
03-17-2019,370.15
03-18-2019,412.81
03-19-2019,460.65
03-20-2019,535.31
03-21-2019,452.05
03-22-2019,1113.94
03-23-2019,419.5
03-24-2019,420.77
03-25-2019,447.1
03-26-2019,450.66
03-27-2019,524.76
03-28-2019,512.22
03-29-2019,390.43
03-30-2019,385.4
03-31-2019,411.85
04-01-2019,426.1
04-02-2019,494.21
04-03-2019,471.13
04-04-2019,521.85
04-05-2019,462.78
04-06-2019,416.66
04-07-2019,444.7
04-08-2019,477.88
04-09-2019,467.32
04-10-2019,468.62
04-11-2019,469.2
04-12-2019,453.91
04-13-2019,414.02
04-14-2019,378.64
04-15-2019,429.03
04-16-2019,478.27
04-17-2019,485.68
04-18-2019,514.94
04-19-2019,395.94
04-20-2019,421.25
04-21-2019,453.19
04-22-2019,503.63
04-23-2019,467.6
04-24-2019,497.28
04-25-2019,477.14
04-26-2019,432.59
04-27-2019,403.09
04-28-2019,423.67
04-29-2019,380.19
04-30-2019,491.26
05-01-2019,484.5
05-02-2019,453.54
05-03-2019,474.94
05-04-2019,384.6
05-05-2019,398.46
05-06-2019,488.91
05-07-2019,448.89
05-08-2019,462.94
05-09-2019,450.63
05-10-2019,439.85
05-11-2019,401.6
05-12-2019,371.02
05-13-2019,420.48
05-14-2019,449.04
05-15-2019,469.17
05-16-2019,459.23
05-17-2019,423.44
05-18-2019,346.04
05-19-2019,423.84
05-20-2019,433.89
05-21-2019,492.51
05-22-2019,475.76
05-23-2019,469.56
05-24-2019,417.99
05-25-2019,417.32
05-26-2019,403.42
05-27-2019,418.15
05-28-2019,123.85
05-29-2019,479.7
05-30-2019,449.09
05-31-2019,367.04
06-01-2019,343.99
06-02-2019,390.12
06-03-2019,416.59
06-04-2019,427.73
06-05-2019,453.18
06-06-2019,466.57
06-07-2019,408.35
06-08-2019,339.62
06-09-2019,371.89
06-10-2019,384.63
06-11-2019,425.12
06-12-2019,430.98
06-13-2019,65.73
06-14-2019,351.14
06-15-2019,356.45
06-16-2019,352.1
06-17-2019,322.9
06-18-2019,477.48
06-19-2019,459.83
06-20-2019,400.3
06-21-2019,374.19
06-22-2019,321.51
06-23-2019,399.64
06-24-2019,434.67
06-25-2019,421.14
06-26-2019,79.61
06-27-2019,405.1
06-28-2019,331.3
06-29-2019,331.48
06-30-2019,351.51
07-01-2019,366.82
07-02-2019,402.69
07-03-2019,412.3
07-04-2019,389.63
07-05-2019,356.95
07-06-2019,306.19
07-07-2019,321.21
07-08-2019,337.01
07-09-2019,212.23
07-10-2019,352.91
07-11-2019,411.47
07-12-2019,381.3
07-13-2019,316.17
07-14-2019,265.1
07-15-2019,351.16
07-16-2019,388.6
07-17-2019,371.41
07-18-2019,360.91
07-19-2019,376.1
07-20-2019,331.59
07-21-2019,298.36
07-22-2019,311.59
07-23-2019,373.42
07-24-2019,382.78
07-25-2019,377.69
07-26-2019,316.01
07-27-2019,319.37
07-28-2019,361.52
07-29-2019,363.65
07-30-2019,372.19
07-31-2019,375.41
08-01-2019,348.32
08-02-2019,350.93
08-03-2019,283
08-04-2019,306.45
08-05-2019,336.81
08-06-2019,353.2
08-07-2019,338.12
08-08-2019,357.84
08-09-2019,312.51
08-10-2019,303.9
08-11-2019,284.8
08-12-2019,358.96
08-13-2019,336.84
08-14-2019,408.35
08-15-2019,299.3
08-16-2019,318.24
08-17-2019,296.73
08-18-2019,271.81
08-19-2019,332.73
08-20-2019,384.54
08-21-2019,304.04
08-22-2019,349.59
08-23-2019,239.2
08-24-2019,254.98
08-25-2019,326.83
08-26-2019,302.11
08-27-2019,317.87
08-28-2019,349.31
08-29-2019,383.65
08-30-2019,250.8
08-31-2019,248.05
09-01-2019,318.88
09-02-2019,358.58
09-03-2019,340.26
09-04-2019,40.99
09-05-2019,380.26
09-06-2019,765.58
09-07-2019,287.51
09-08-2019,257.49
09-09-2019,307.41
09-10-2019,335.49
09-11-2019,355.1
09-12-2019,361.1
09-13-2019,311.75
09-14-2019,240.87
09-15-2019,309.64
09-16-2019,314.05
09-17-2019,354.42
09-18-2019,381.4
09-19-2019,295.09
09-20-2019,287.09
09-21-2019,252.9
09-22-2019,234.57
09-23-2019,313.6
09-24-2019,398.9
09-25-2019,297.76
09-26-2019,321.27
09-27-2019,303.36
09-28-2019,268.79
09-29-2019,270.63
09-30-2019,272.3
10-01-2019,341.95
10-02-2019,325.03
10-03-2019,267.68
10-04-2019,317.73
10-05-2019,290.35
10-06-2019,275.6
10-07-2019,311.53
10-08-2019,364.17
10-09-2019,350.91
10-10-2019,346.54
10-11-2019,282.11
10-12-2019,301.04
10-13-2019,284.34
10-14-2019,312.82
10-15-2019,307.89
10-16-2019,354.97
10-17-2019,305.8
10-18-2019,276.41
10-19-2019,250.83
10-20-2019,252.8
10-21-2019,364.39
10-22-2019,376.39
10-23-2019,399.42
10-24-2019,299.8
10-25-2019,298.07
10-26-2019,242.96
10-27-2019,266.3
10-28-2019,292.71
10-29-2019,378.63
10-30-2019,346.2
10-31-2019,361.93
11-01-2019,316.38
11-02-2019,338.03
11-03-2019,251.99
11-04-2019,352.56
11-05-2019,381.87
11-06-2019,337.48
11-07-2019,366.24
11-08-2019,315.67
11-09-2019,280.87
11-10-2019,274.63
11-11-2019,309.5
11-12-2019,410.98
11-13-2019,368.48
11-14-2019,367.39
11-15-2019,294.4
11-16-2019,274.09
11-17-2019,329.43
11-18-2019,301
11-19-2019,356.74
11-20-2019,23.24
11-21-2019,842.33
11-22-2019,317.42
11-23-2019,311.32
11-24-2019,327.65
11-25-2019,361.16
11-26-2019,350.63
11-27-2019,377.12
11-28-2019,393.68
11-29-2019,352.72
11-30-2019,275.65
12-01-2019,327.75
12-02-2019,-78.93
12-03-2019,385.26
12-04-2019,440.56
12-05-2019,349.09
12-06-2019,318.55
12-07-2019,338.2
12-08-2019,289.6
12-09-2019,344.98
12-10-2019,408.35
12-11-2019,386.68
12-12-2019,376.37
12-13-2019,367.55
12-14-2019,339.24
12-15-2019,344.5
12-16-2019,362.03
12-17-2019,412.45
12-18-2019,409.25
12-19-2019,403.57
12-20-2019,48.88
12-21-2019,334.07
12-22-2019,323.05
12-23-2019,379.64
12-24-2019,392.96
12-25-2019,394.56
12-26-2019,408.68
12-27-2019,374.28
12-28-2019,368.34
12-29-2019,347.17
12-30-2019,400.88
12-31-2019,437.18
01-01-2020,443.71
01-02-2020,391.77
01-03-2020,382.89
01-04-2020,368.07
01-05-2020,368.32
01-06-2020,348.7
01-07-2020,437.6
01-08-2020,498.07
01-09-2020,413.56
01-10-2020,371.08
01-11-2020,378.41
01-12-2020,386.04
01-13-2020,440.75
01-14-2020,412.18
01-15-2020,471.05
01-16-2020,447.29
01-17-2020,395.67
01-18-2020,387.44
01-19-2020,413.82
01-20-2020,442.55
01-21-2020,424.81
01-22-2020,482.98
01-23-2020,440.57
01-24-2020,410.64
01-25-2020,390.35
01-26-2020,393.81
01-27-2020,459.95
01-28-2020,460.64
01-29-2020,443.77
01-30-2020,45.41
01-31-2020,422.42
02-01-2020,428.31
02-02-2020,421.62
02-03-2020,417.79
02-04-2020,533.68
02-05-2020,487.1
02-06-2020,491.92
02-07-2020,422.71
02-08-2020,419.36
02-09-2020,435.89
02-10-2020,477.76
02-11-2020,506.14
02-12-2020,510.34
02-13-2020,460.1
02-14-2020,420.05
02-15-2020,422.07
02-16-2020,445.85
02-17-2020,449.24
02-18-2020,513.72
02-19-2020,532.12
02-20-2020,452.22
02-21-2020,420.44
02-22-2020,881.09
02-23-2020,436.99
02-24-2020,448.35
02-25-2020,527.42
02-26-2020,512.79
02-27-2020,482.37
02-28-2020,411.59
02-29-2020,393.75
03-01-2020,964.95
03-02-2020,413.86
03-03-2020,524.49
03-04-2020,503.66
03-05-2020,567.74
03-06-2020,510.32
03-07-2020,427.1
03-08-2020,437.33
03-09-2020,496.75
03-10-2020,546.3
03-11-2020,471.05
03-12-2020,446.24
03-13-2020,441.16
03-14-2020,450.13
03-15-2020,456.18
03-16-2020,502.22
03-17-2020,477.19
03-18-2020,457.4
03-19-2020,515.49
03-20-2020,438.98
03-21-2020,387.92
03-22-2020,450.04
03-23-2020,497.8
03-24-2020,506.46
03-25-2020,506.03
03-26-2020,492.06
03-27-2020,452.27
03-28-2020,406.36
03-29-2020,430.06
03-30-2020,492.35
03-31-2020,518.73
04-01-2020,522.69
04-02-2020,472.02
04-03-2020,457.68
04-04-2020,386.15
04-05-2020,452.74
04-06-2020,515.23
04-07-2020,473.86
04-08-2020,503.7
04-09-2020,504.82
04-10-2020,493.06
04-11-2020,428.73
04-12-2020,430.17
04-13-2020,429.32
04-14-2020,512.17
04-15-2020,568.1
04-16-2020,502.07
04-17-2020,459.57
04-18-2020,446.21
04-19-2020,445.26
04-20-2020,456.12
04-21-2020,527.91
04-22-2020,520.28
04-23-2020,493
04-24-2020,433.01
04-25-2020,467.86
04-26-2020,459.11
04-27-2020,459.42
04-28-2020,529.02
04-29-2020,498.7
04-30-2020,469.36
05-01-2020,925.46
05-02-2020,387.05
05-03-2020,450.2
05-04-2020,423.24
05-05-2020,468.89
05-06-2020,454.73
05-07-2020,482.1
05-08-2020,445.04
05-09-2020,418.23
05-10-2020,407.27
05-11-2020,434.51
05-12-2020,1034.15
05-13-2020,487.39
05-14-2020,486.57
05-15-2020,420.95
05-16-2020,425.08
05-17-2020,459.95
05-18-2020,472.38
05-19-2020,477.75
05-20-2020,501.26
05-21-2020,466.2
05-22-2020,436.72
05-23-2020,405.75
05-24-2020,416.49
05-25-2020,456.15
05-26-2020,456.24
05-27-2020,462.35
05-28-2020,430.32
05-29-2020,389.24
05-30-2020,376.08
05-31-2020,417.11
06-01-2020,420.96
06-02-2020,486.27
06-03-2020,480.88
06-04-2020,408.01
06-05-2020,437.72
06-06-2020,418.8
06-07-2020,380.23
06-08-2020,445.66
06-09-2020,443.82
06-10-2020,474.19
06-11-2020,417.28
06-12-2020,368.13
06-13-2020,380.51
06-14-2020,393.47
06-15-2020,416.65
06-16-2020,427.02
06-17-2020,453.09
06-18-2020,446.91
06-19-2020,403.08
06-20-2020,385.85
06-21-2020,370.98
06-22-2020,447.02
06-23-2020,418.31
06-24-2020,466.34
06-25-2020,460.77
06-26-2020,407.24
06-27-2020,367.22
06-28-2020,365.5
06-29-2020,434.59
06-30-2020,403.09
07-01-2020,420.84
07-02-2020,412.21
07-03-2020,417.09
07-04-2020,372.7
07-05-2020,345.44
07-06-2020,391.86
07-07-2020,414.24
07-08-2020,418.29
07-09-2020,437.59
07-10-2020,342.83
07-11-2020,394.42
07-12-2020,381.36
07-13-2020,417.93
07-14-2020,409.1
07-15-2020,423.39
07-16-2020,368.41
07-17-2020,355.17
07-18-2020,357.75
07-19-2020,384.3
07-20-2020,354.27
07-21-2020,402.87
07-22-2020,414.74
07-23-2020,360.79
07-24-2020,374.56
07-25-2020,318.86
07-26-2020,338.62
07-27-2020,362.32
07-28-2020,384.01
07-29-2020,410.15
07-30-2020,382.17
07-31-2020,342.43
08-01-2020,310.77
08-02-2020,343.6
08-03-2020,407.14
08-04-2020,399.51
08-05-2020,427.58
08-06-2020,345.24
08-07-2020,348.2
08-08-2020,294.17
08-09-2020,291.4
08-10-2020,340.13
08-11-2020,418.72
08-12-2020,419.44
08-13-2020,379.19
08-14-2020,299.17
08-15-2020,310.03
08-16-2020,329.32
08-17-2020,356.57
08-18-2020,336.5
08-19-2020,367.23
08-20-2020,365.42
08-21-2020,344.92
08-22-2020,254.19
08-23-2020,312
08-24-2020,350.16
08-25-2020,98.5
08-26-2020,401.47
08-27-2020,376.39
08-28-2020,306.45
08-29-2020,256.46
08-30-2020,301.43
08-31-2020,366.97
09-01-2020,407.45
09-02-2020,397.54
09-03-2020,368.32
09-04-2020,331.85
09-05-2020,286.31
09-06-2020,304.21
09-07-2020,380.01
09-08-2020,345.55
09-09-2020,51.8
09-10-2020,346.35
09-11-2020,352.45
09-12-2020,262.16
09-13-2020,319.38
09-14-2020,317.29
09-15-2020,331.32
09-16-2020,379.63
09-17-2020,377.53
09-18-2020,296.25
09-19-2020,258.08
09-20-2020,300.82
09-21-2020,332.06
09-22-2020,379.11
09-23-2020,396.78
09-24-2020,349.84
09-25-2020,362.96
09-26-2020,300.52
09-27-2020,293.98
09-28-2020,293.65
09-29-2020,358.7
09-30-2020,364.65
10-01-2020,375.52
10-02-2020,328.49
10-03-2020,265.95
10-04-2020,307.63
10-05-2020,147.24
10-06-2020,404.48
10-07-2020,396.43
10-08-2020,371.88
10-09-2020,319.94
10-10-2020,306.82
10-11-2020,336.4
10-12-2020,303.48
10-13-2020,359.71
10-14-2020,357.26
10-15-2020,364.84
10-16-2020,351.85
10-17-2020,285
10-18-2020,248.39
10-19-2020,329.63
10-20-2020,394.58
10-21-2020,785.46
10-22-2020,369.68
10-23-2020,317.87
10-24-2020,271.88
10-25-2020,325.11
10-26-2020,323.32
10-27-2020,430.74
10-28-2020,398.84
10-29-2020,349.15
10-30-2020,314.43
10-31-2020,306.52
11-01-2020,311.38
11-02-2020,377.37
11-03-2020,386.22
11-04-2020,371.85
11-05-2020,416.64
11-06-2020,336.79
11-07-2020,334.05
11-08-2020,308.28
11-09-2020,364.79
11-10-2020,395.73
11-11-2020,349.42
11-12-2020,426.41
11-13-2020,374.6
11-14-2020,311.8
11-15-2020,302.96
11-16-2020,371.55
11-17-2020,397.39
11-18-2020,412.94
11-19-2020,388.32
11-20-2020,362.61
11-21-2020,365.65
11-22-2020,352.55
11-23-2020,344.56
11-24-2020,437.34
11-25-2020,453.22
11-26-2020,470.59
11-27-2020,330.22
11-28-2020,343.99
11-29-2020,294.84
11-30-2020,393.27
12-01-2020,398.29
12-02-2020,469.1
12-03-2020,381.32
12-04-2020,325.06
12-05-2020,335.19
12-06-2020,306.64
12-07-2020,407.43
12-08-2020,369.65
12-09-2020,431.08
12-10-2020,358.15
12-11-2020,368.76
12-12-2020,397.6
12-13-2020,374.65
12-14-2020,376.72
12-15-2020,430.21
12-16-2020,440.58
12-17-2020,431.72
12-18-2020,352.45
12-19-2020,381.22
12-20-2020,307.96
12-21-2020,392.53
12-22-2020,428.79
12-23-2020,466
12-24-2020,430.54
12-25-2020,361.57
12-26-2020,351.9
12-27-2020,390.67
12-28-2020,416.45
12-29-2020,436.68
12-30-2020,448.32
12-31-2020,457.56
01-01-2021,392.58
01-02-2021,383.14
01-03-2021,448.77
01-04-2021,391.66
01-05-2021,413.68
01-06-2021,488.74
01-07-2021,431.99
01-08-2021,407.74
01-09-2021,375.96
01-10-2021,398.16
01-11-2021,477.33
01-12-2021,490.12
01-13-2021,500.77
01-14-2021,423.59
01-15-2021,396.92
01-16-2021,334.49
01-17-2021,394.36
01-18-2021,471.18
01-19-2021,492.84
01-20-2021,483.49
01-21-2021,468.2
01-22-2021,418.19
01-23-2021,420.24
01-24-2021,443.34
01-25-2021,416.4
01-26-2021,496.89
01-27-2021,521.75
01-28-2021,467.73
01-29-2021,462.21
01-30-2021,494.7
01-31-2021,430.72
02-01-2021,475.69
02-02-2021,479.93
02-03-2021,511.87
02-04-2021,498.42
02-05-2021,458.28
02-06-2021,407.47
02-07-2021,447.03
02-08-2021,510.86
02-09-2021,517.95
02-10-2021,539.64
02-11-2021,794.78
02-12-2021,480.21
02-13-2021,447.89
02-14-2021,425.94
02-15-2021,490
02-16-2021,489.56
02-17-2021,507.27
02-18-2021,507.19
02-19-2021,476.17
02-20-2021,418.33
02-21-2021,483.09
02-22-2021,503.24
02-23-2021,294.95
02-24-2021,491.31
02-25-2021,505.36
02-26-2021,463.97
02-27-2021,457.15
02-28-2021,453.78
03-01-2021,444.74
03-02-2021,517.27
03-03-2021,527.81
03-04-2021,530.39
03-05-2021,463.09
03-06-2021,501.57
03-07-2021,420.2
03-08-2021,532.69
03-09-2021,526.21
03-10-2021,561.64
03-11-2021,521.08
03-12-2021,513.43
03-13-2021,454.15
03-14-2021,444.61
03-15-2021,539.36
03-16-2021,532.75
03-17-2021,549.3
03-18-2021,553.41
03-19-2021,462.44
03-20-2021,481.86
03-21-2021,460.31
03-22-2021,503.36
03-23-2021,540.05
03-24-2021,508.75
03-25-2021,505.41
03-26-2021,524.18
03-27-2021,491.14
03-28-2021,475.33
03-29-2021,817.71
03-30-2021,532.4
03-31-2021,581.52
04-01-2021,521.05
04-02-2021,497.22
04-03-2021,498.48
04-04-2021,458.15
04-05-2021,547.83
04-06-2021,501.85
04-07-2021,588.53
04-08-2021,516.76
04-09-2021,485.21
04-10-2021,422.27
04-11-2021,465.74
04-12-2021,482.22
04-13-2021,524.12
04-14-2021,543.39
04-15-2021,548.9
04-16-2021,495.18
04-17-2021,475.76
04-18-2021,448.1
04-19-2021,484.42
04-20-2021,582.34
04-21-2021,526.34
04-22-2021,564.1
04-23-2021,481.49
04-24-2021,465.55
04-25-2021,499.52
04-26-2021,535.35
04-27-2021,531.56
04-28-2021,531.82
04-29-2021,517.95
04-30-2021,492.52
05-01-2021,484.13
05-02-2021,469.07
05-03-2021,515.08
05-04-2021,571.2
05-05-2021,546.83
05-06-2021,522.76
05-07-2021,441.58
05-08-2021,391.42
05-09-2021,473.88
05-10-2021,492.31
05-11-2021,512.3
05-12-2021,538.18
05-13-2021,508.13
05-14-2021,502.28
05-15-2021,453.75
05-16-2021,439.77
05-17-2021,513.59
05-18-2021,513.77
05-19-2021,539.17
05-20-2021,491.49
05-21-2021,451.52
05-22-2021,447.26
05-23-2021,452.22
05-24-2021,494.17
05-25-2021,505.71
05-26-2021,473.22
05-27-2021,485.62
05-28-2021,480.52
05-29-2021,430.53
05-30-2021,438.45
05-31-2021,499.45
06-01-2021,487.16
06-02-2021,473
06-03-2021,484.78
06-04-2021,440.84
06-05-2021,406
06-06-2021,432.33
06-07-2021,479.1
06-08-2021,852.98
06-09-2021,511.12
06-10-2021,525.93
06-11-2021,436.11
06-12-2021,428.78
06-13-2021,415.59
06-14-2021,437.2
06-15-2021,473.78
06-16-2021,482.91
06-17-2021,480.97
06-18-2021,494.74
06-19-2021,395.21
06-20-2021,409.15
06-21-2021,447.99
06-22-2021,489.46
06-23-2021,492.6
06-24-2021,495.18
06-25-2021,366.42
06-26-2021,344.48
06-27-2021,398.19
06-28-2021,468
06-29-2021,431.4
06-30-2021,401.78
07-01-2021,468.31
07-02-2021,424.11
07-03-2021,367.83
07-04-2021,376.87
07-05-2021,407.25
07-06-2021,464.23
07-07-2021,452.24
07-08-2021,457.32
07-09-2021,337.61
07-10-2021,364.62
07-11-2021,364.34
07-12-2021,416.08
07-13-2021,439.04
07-14-2021,478.89
07-15-2021,389.55
07-16-2021,401.21
07-17-2021,391.14
07-18-2021,430.07
07-19-2021,401.65
07-20-2021,451.84
07-21-2021,405.14
07-22-2021,367.57
07-23-2021,412.57
07-24-2021,368.47
07-25-2021,404.61
07-26-2021,370.9
07-27-2021,448.34
07-28-2021,488.62
07-29-2021,429.6
07-30-2021,390.17
07-31-2021,360.7
08-01-2021,327.82
08-02-2021,431.15
08-03-2021,412.17
08-04-2021,446.7
08-05-2021,372.3
08-06-2021,346.12
08-07-2021,388.81
08-08-2021,350.94
08-09-2021,426.22
08-10-2021,418.2
08-11-2021,380.85
08-12-2021,426.59
08-13-2021,353.88
08-14-2021,363.52
08-15-2021,353.48
08-16-2021,344.64
08-17-2021,417.71
08-18-2021,475.37
08-19-2021,410.29
08-20-2021,930.07
08-21-2021,366.84
08-22-2021,352.15
08-23-2021,382.61
08-24-2021,380.6
08-25-2021,420.71
08-26-2021,418.39
08-27-2021,336.18
08-28-2021,370.37
08-29-2021,339.52
08-30-2021,350.25
08-31-2021,428.03
09-01-2021,403.04
09-02-2021,406.97
09-03-2021,345.41
09-04-2021,329.03
09-05-2021,350.07
09-06-2021,375.77
09-07-2021,349.41
09-08-2021,378.53
09-09-2021,407.72
09-10-2021,346.06
09-11-2021,314.24
09-12-2021,300.72
09-13-2021,338.62
09-14-2021,346.02
09-15-2021,401.46
09-16-2021,367.11
09-17-2021,322.94
09-18-2021,-121.22
09-19-2021,341.85
09-20-2021,416.16
09-21-2021,357.15
09-22-2021,431.52
09-23-2021,405.1
09-24-2021,326.5
09-25-2021,329.34
09-26-2021,320.5
09-27-2021,367.84
09-28-2021,432.2
09-29-2021,417.36
09-30-2021,393.35
10-01-2021,335.24
10-02-2021,287.35
10-03-2021,327.08
10-04-2021,393.88
10-05-2021,356.98
10-06-2021,376.7
10-07-2021,384.8
10-08-2021,322.56
10-09-2021,305.98
10-10-2021,323.22
10-11-2021,331.25
10-12-2021,372.64
10-13-2021,422.66
10-14-2021,351.13
10-15-2021,309.56
10-16-2021,312.54
10-17-2021,354.76
10-18-2021,363.29
10-19-2021,388.36
10-20-2021,409.33
10-21-2021,343.47
10-22-2021,365.33
10-23-2021,341.49
10-24-2021,330.01
10-25-2021,397.29
10-26-2021,375.87
10-27-2021,440.65
10-28-2021,395.37
10-29-2021,349.09
10-30-2021,336.1
10-31-2021,342.4
11-01-2021,407.64
11-02-2021,382.28
11-03-2021,398.67
11-04-2021,422.84
11-05-2021,348.19
11-06-2021,364.82
11-07-2021,393.41
11-08-2021,373.07
11-09-2021,432.35
11-10-2021,395.15
11-11-2021,422.19
11-12-2021,374.58
11-13-2021,360.78
11-14-2021,341.57
11-15-2021,348.49
11-16-2021,434.93
11-17-2021,379.56
11-18-2021,402.66
11-19-2021,400.51
11-20-2021,361.26
11-21-2021,414.03
11-22-2021,423.37
11-23-2021,413.84
11-24-2021,439.77
11-25-2021,417.46
11-26-2021,345.58
11-27-2021,341.21
11-28-2021,359.66
11-29-2021,355.29
11-30-2021,439.92
12-01-2021,441.5
12-02-2021,385.54
12-03-2021,404.06
12-04-2021,391.51
12-05-2021,388.33
12-06-2021,407.15
12-07-2021,462.65
12-08-2021,473.94
12-09-2021,444.33
12-10-2021,382.69
12-11-2021,389.95
12-12-2021,422.02
12-13-2021,409.88
12-14-2021,509.91
12-15-2021,453.45
12-16-2021,447.17
12-17-2021,396.25
12-18-2021,398.42
12-19-2021,358.43
12-20-2021,421.04
12-21-2021,440.1
12-22-2021,479.95
12-23-2021,481.22
12-24-2021,439.25
12-25-2021,343.61
12-26-2021,463.13
12-27-2021,452.19
12-28-2021,458.12
12-29-2021,490.64
12-30-2021,470.93
12-31-2021,416.6
01-01-2022,418.04
01-02-2022,407.08
01-03-2022,444.89
01-04-2022,470.57
01-05-2022,461.09
01-06-2022,480.36
01-07-2022,458.08
01-08-2022,436.13
01-09-2022,452.92
01-10-2022,473.24
01-11-2022,484.52
01-12-2022,527.99
01-13-2022,452.84
01-14-2022,430.97
01-15-2022,409.16
01-16-2022,469.4
01-17-2022,498.64
01-18-2022,519.92
01-19-2022,543.65
01-20-2022,474.61
01-21-2022,471.96
01-22-2022,439.84
01-23-2022,473.22
01-24-2022,481.79
01-25-2022,507.66
01-26-2022,539.85
01-27-2022,527.91
01-28-2022,455.89
01-29-2022,450.73
01-30-2022,434.8
01-31-2022,431.35
02-01-2022,531.35
02-02-2022,550.53
02-03-2022,521.45
02-04-2022,432.67
02-05-2022,452.21
02-06-2022,414.44
02-07-2022,536.59
02-08-2022,507.64
02-09-2022,575.05
02-10-2022,546.8
02-11-2022,467.05
02-12-2022,440.71
02-13-2022,486.6
02-14-2022,489.08
02-15-2022,545.08
02-16-2022,539.21
02-17-2022,486.13
02-18-2022,441.19
02-19-2022,481.97
02-20-2022,470.95
02-21-2022,956.52
02-22-2022,566.82
02-23-2022,587.39
02-24-2022,530.5
02-25-2022,494.96
02-26-2022,495.19
02-27-2022,457.32
02-28-2022,528.92
03-01-2022,569.2
03-02-2022,580.91
03-03-2022,494.6
03-04-2022,490.01
03-05-2022,466.16
03-06-2022,499.03
03-07-2022,884.34
03-08-2022,597.81
03-09-2022,556.37
03-10-2022,535.27
03-11-2022,542.32
03-12-2022,499.92
03-13-2022,532.46
03-14-2022,539.77
03-15-2022,535.4
03-16-2022,539.19
03-17-2022,512.54
03-18-2022,533.59
03-19-2022,525.52
03-20-2022,550.14
03-21-2022,556.61
03-22-2022,596.21
03-23-2022,560.68
03-24-2022,524.91
03-25-2022,540.63
03-26-2022,508.41
03-27-2022,508.6
03-28-2022,547.06
03-29-2022,576.9
03-30-2022,608.78
03-31-2022,587.54
04-01-2022,534.16
04-02-2022,520.13
04-03-2022,519.61
04-04-2022,526.53
04-05-2022,588.25
04-06-2022,542.18
04-07-2022,581.7
04-08-2022,490.71
04-09-2022,505.99
04-10-2022,485.32
04-11-2022,551.42
04-12-2022,567.85
04-13-2022,536.37
04-14-2022,564.91
04-15-2022,505
04-16-2022,519.58
04-17-2022,505.03
04-18-2022,545.85
04-19-2022,542.98
04-20-2022,559.56
04-21-2022,540.82
04-22-2022,538.6
04-23-2022,537.07
04-24-2022,482.29
04-25-2022,560.16
04-26-2022,509.79
04-27-2022,541.4
04-28-2022,525.13
04-29-2022,22.73
04-30-2022,452.05
05-01-2022,509.1
05-02-2022,524.09
05-03-2022,569.58
05-04-2022,584.43
05-05-2022,551.5
05-06-2022,525.91
05-07-2022,485.38
05-08-2022,464.44
05-09-2022,551.09
05-10-2022,540.43
05-11-2022,538.71
05-12-2022,535.21
05-13-2022,481.31
05-14-2022,471.22
05-15-2022,497.12
05-16-2022,527.63
05-17-2022,526.87
05-18-2022,543.94
05-19-2022,560.43
05-20-2022,510.33
05-21-2022,527.2
05-22-2022,511.59
05-23-2022,540.98
05-24-2022,507.95
05-25-2022,568.46
05-26-2022,525.36
05-27-2022,477.16
05-28-2022,472.44
05-29-2022,498.53
05-30-2022,517.61
05-31-2022,513.31
06-01-2022,560.45
06-02-2022,503.19
06-03-2022,488.71
06-04-2022,452.92
06-05-2022,461.61
06-06-2022,516.35
06-07-2022,501.29
06-08-2022,582.47
06-09-2022,465.48
06-10-2022,460.15
06-11-2022,461.5
06-12-2022,473.36
06-13-2022,486.29
06-14-2022,517.41
06-15-2022,535.59
06-16-2022,496.66
06-17-2022,501.31
06-18-2022,464.56
06-19-2022,471.86
06-20-2022,1.86
06-21-2022,508.06
06-22-2022,508.98
06-23-2022,468.43
06-24-2022,466.58
06-25-2022,421.21
06-26-2022,457.47
06-27-2022,444.31
06-28-2022,544.02
06-29-2022,485.06
06-30-2022,490.02
07-01-2022,468.32
07-02-2022,411.32
07-03-2022,453.33
07-04-2022,431.26
07-05-2022,528.27
07-06-2022,498.75
07-07-2022,460.56
07-08-2022,431.99
07-09-2022,436.76
07-10-2022,408.36
07-11-2022,434.23
07-12-2022,477.43
07-13-2022,459.99
07-14-2022,512.02
07-15-2022,416.37
07-16-2022,428.42
07-17-2022,419.34
07-18-2022,419.52
07-19-2022,474.02
07-20-2022,500.26
07-21-2022,453.09
07-22-2022,451.7
07-23-2022,424.56
07-24-2022,428.52
07-25-2022,424.13
07-26-2022,438.72
07-27-2022,456.93
07-28-2022,454.37
07-29-2022,427.25
07-30-2022,336.53
07-31-2022,397.22
08-01-2022,431.53
08-02-2022,450.8
08-03-2022,496.65
08-04-2022,452.19
08-05-2022,438.63
08-06-2022,377.78
08-07-2022,413.29
08-08-2022,460.98
08-09-2022,483.16
08-10-2022,429.79
08-11-2022,428.12
08-12-2022,390.16
08-13-2022,388.42
08-14-2022,400.14
08-15-2022,392.36
08-16-2022,445.4
08-17-2022,400.04
08-18-2022,464.07
08-19-2022,379.65
08-20-2022,371.38
08-21-2022,369.15
08-22-2022,436.01
08-23-2022,366.92
08-24-2022,444.4
08-25-2022,419.79
08-26-2022,375.65
08-27-2022,407.8
08-28-2022,349.5
08-29-2022,421.59
08-30-2022,441.83
08-31-2022,471.56
09-01-2022,401.09
09-02-2022,364.15
09-03-2022,387.67
09-04-2022,378.09
09-05-2022,359.58
09-06-2022,415.5
09-07-2022,445.88
09-08-2022,435.07
09-09-2022,362
09-10-2022,284.07
09-11-2022,377.34
09-12-2022,364.66
09-13-2022,375.66
09-14-2022,362.69
09-15-2022,431.9
09-16-2022,379.78
09-17-2022,349.03
09-18-2022,396.89
09-19-2022,409.16
09-20-2022,464.72
09-21-2022,397.06
09-22-2022,409.23
09-23-2022,334.85
09-24-2022,347.8
09-25-2022,354.98
09-26-2022,408.09
09-27-2022,424.81
09-28-2022,446.99
09-29-2022,427.37
09-30-2022,429
10-01-2022,345.68
10-02-2022,337.85
10-03-2022,398.93
10-04-2022,404.14
10-05-2022,469.13
10-06-2022,403.56
10-07-2022,362
10-08-2022,342.96
10-09-2022,380.69
10-10-2022,390.34
10-11-2022,409.83
10-12-2022,1023.3
10-13-2022,391.24
10-14-2022,379.2
10-15-2022,373.38
10-16-2022,324.44
10-17-2022,408.95
10-18-2022,402.31
10-19-2022,457.48
10-20-2022,391.72
10-21-2022,398.93
10-22-2022,388.18
10-23-2022,390.37
10-24-2022,407
10-25-2022,426.84
10-26-2022,426.58
10-27-2022,456.8
10-28-2022,368.51
10-29-2022,339.15
10-30-2022,390.16
10-31-2022,823.57
11-01-2022,413.86
11-02-2022,410.04
11-03-2022,413.23
11-04-2022,389.36
11-05-2022,376.72
11-06-2022,403.02
11-07-2022,424.58
11-08-2022,438.82
11-09-2022,447.29
11-10-2022,444.31
11-11-2022,429.63
11-12-2022,380.32
11-13-2022,374.16
11-14-2022,393.36
11-15-2022,414.37
11-16-2022,475.93
11-17-2022,1110.78
11-18-2022,419.52
11-19-2022,381.33
11-20-2022,-25.54
11-21-2022,413.7
11-22-2022,482.11
11-23-2022,466.15
11-24-2022,431.44
11-25-2022,427.95
11-26-2022,402.94
11-27-2022,410.57
11-28-2022,436.19
11-29-2022,465.73
11-30-2022,535.37
12-01-2022,484.9
12-02-2022,439.93
12-03-2022,404.31
12-04-2022,435.72
12-05-2022,456.08
12-06-2022,476.39
12-07-2022,477.2
12-08-2022,462.47
12-09-2022,351.88
12-10-2022,416.13
12-11-2022,407.75
12-12-2022,492.43
12-13-2022,485.76
12-14-2022,464.67
12-15-2022,472.91
12-16-2022,414.7
12-17-2022,432.46
12-18-2022,437.04
12-19-2022,486.41
12-20-2022,475.4
12-21-2022,505.18
12-22-2022,450
12-23-2022,468.4
12-24-2022,443.63
12-25-2022,452.23
12-26-2022,472.6
12-27-2022,515.65
12-28-2022,554.57
12-29-2022,487.15
12-30-2022,464.49
12-31-2022,413.69
01-01-2023,428.31
01-02-2023,485.2
01-03-2023,543.08
01-04-2023,518.25
01-05-2023,498.57
01-06-2023,461.04
01-07-2023,437.65
01-08-2023,467.56
01-09-2023,455.47
01-10-2023,557.64
01-11-2023,518.14
01-12-2023,532.61
01-13-2023,449.52
01-14-2023,477.77
01-15-2023,486.99
01-16-2023,512.48
01-17-2023,510.69
01-18-2023,550.91
01-19-2023,494.84
01-20-2023,484.76
01-21-2023,496.55
01-22-2023,499.82
01-23-2023,512.91
01-24-2023,520.78
01-25-2023,570.35
01-26-2023,1042.09
01-27-2023,442.49
01-28-2023,499.73
01-29-2023,488.58
01-30-2023,551.8
01-31-2023,526.9
02-01-2023,483.85
02-02-2023,549.85
02-03-2023,516.69
02-04-2023,446.71
02-05-2023,473.44
02-06-2023,599.26
02-07-2023,555.19
02-08-2023,589.99
02-09-2023,534.96
02-10-2023,465.39
02-11-2023,492.87
02-12-2023,499.32
02-13-2023,528.32
02-14-2023,567.8
02-15-2023,586.05
02-16-2023,948.02
02-17-2023,493.55
02-18-2023,516.67
02-19-2023,464.49
02-20-2023,494.21
02-21-2023,596.17
02-22-2023,599.03
02-23-2023,564.19
02-24-2023,496.92
02-25-2023,493.34
02-26-2023,513.05
02-27-2023,511.83
02-28-2023,565.34
03-01-2023,608.64
03-02-2023,607.15
03-03-2023,527.03
03-04-2023,535.52
03-05-2023,477.19
03-06-2023,573.49
03-07-2023,568.85
03-08-2023,605.01
03-09-2023,570.12
03-10-2023,575.22
03-11-2023,499.29
03-12-2023,545.12
03-13-2023,554.26
03-14-2023,589.08
03-15-2023,596.66
03-16-2023,558.94
03-17-2023,906.33
03-18-2023,523.04
03-19-2023,538.76
03-20-2023,566.5
03-21-2023,615.96
03-22-2023,627.16
03-23-2023,556.48
03-24-2023,570.04
03-25-2023,497.28
03-26-2023,549.6
03-27-2023,581.88
03-28-2023,550.07
03-29-2023,608.07
03-30-2023,572.54
03-31-2023,530.69
04-01-2023,561.89
04-02-2023,519.58
04-03-2023,547.08
04-04-2023,600.43
04-05-2023,623.41
04-06-2023,581.06
04-07-2023,579.01
04-08-2023,541.42
04-09-2023,481.32
04-10-2023,553.7
04-11-2023,584.02
04-12-2023,617.61
04-13-2023,518.18
04-14-2023,612.61
04-15-2023,540.29
04-16-2023,538.2
04-17-2023,595.01
04-18-2023,655.04
04-19-2023,625.62
04-20-2023,605.58
04-21-2023,550.05
04-22-2023,521.21
04-23-2023,520.17
04-24-2023,542.25
04-25-2023,576.54
04-26-2023,567.2
04-27-2023,576.92
04-28-2023,501.47
04-29-2023,526.18
04-30-2023,527.66
05-01-2023,562.93
05-02-2023,576.87
05-03-2023,673.94
05-04-2023,608.74
05-05-2023,508.24
05-06-2023,522.85
05-07-2023,1112.64
05-08-2023,529.23
05-09-2023,551.62
05-10-2023,602.89
05-11-2023,552.63
05-12-2023,558.35
05-13-2023,536.54
05-14-2023,552.93
05-15-2023,527.69
05-16-2023,591.29
05-17-2023,602.05
05-18-2023,551.84
05-19-2023,508.77
05-20-2023,545.72
05-21-2023,517.94
05-22-2023,558.46
05-23-2023,552.3
05-24-2023,549.1
05-25-2023,542.69
05-26-2023,518.09
05-27-2023,471.9
05-28-2023,504.93
05-29-2023,493.16
05-30-2023,537.57
05-31-2023,588.97
06-01-2023,564.55
06-02-2023,503.83
06-03-2023,465.41
06-04-2023,471.75
06-05-2023,518.23
06-06-2023,573.78
06-07-2023,587.43
06-08-2023,528.99
06-09-2023,476.66
06-10-2023,489.35
06-11-2023,468.59
06-12-2023,506.27
06-13-2023,582.41
06-14-2023,576.45
06-15-2023,536.84
06-16-2023,465.14
06-17-2023,479.33
06-18-2023,507.08
06-19-2023,501.13
06-20-2023,574.3
06-21-2023,579.3
06-22-2023,565.65
06-23-2023,495.7
06-24-2023,479.83
06-25-2023,506.93
06-26-2023,512.75
06-27-2023,519.01
06-28-2023,526.76
06-29-2023,521
06-30-2023,446.76
07-01-2023,452.51
07-02-2023,489.93
07-03-2023,437.71
07-04-2023,560.83
07-05-2023,556.96
07-06-2023,494.47
07-07-2023,483.55
07-08-2023,447.11
07-09-2023,484.22
07-10-2023,508.02
07-11-2023,478.45
07-12-2023,534.58
07-13-2023,491.84
07-14-2023,463.07
07-15-2023,419.89
07-16-2023,488.27
07-17-2023,500.59
07-18-2023,486.12
07-19-2023,477.73
07-20-2023,478.58
07-21-2023,463.15
07-22-2023,435.44
07-23-2023,467.28
07-24-2023,485.77
07-25-2023,520.34
07-26-2023,510.82
07-27-2023,445.1
07-28-2023,439.07
07-29-2023,447.67
07-30-2023,426.47
07-31-2023,470.47
08-01-2023,480.08
08-02-2023,468.93
08-03-2023,468.85
08-04-2023,443.87
08-05-2023,397.04
08-06-2023,414.21
08-07-2023,426.85
08-08-2023,508.56
08-09-2023,479.93
08-10-2023,500.97
08-11-2023,467.18
08-12-2023,404.32
08-13-2023,387.91
08-14-2023,391.31
08-15-2023,437.01
08-16-2023,446.28
08-17-2023,492.56
08-18-2023,425.42
08-19-2023,409.76
08-20-2023,351.4
08-21-2023,407.42
08-22-2023,490.02
08-23-2023,481.95
08-24-2023,448.7
08-25-2023,431.05
08-26-2023,435.45
08-27-2023,396.05
08-28-2023,433.9
08-29-2023,467.59
08-30-2023,529.65
08-31-2023,395.1
09-01-2023,429.35
09-02-2023,387.17
09-03-2023,411.37
09-04-2023,411.5
09-05-2023,457.46
09-06-2023,483.69
09-07-2023,521.61
09-08-2023,428.82
09-09-2023,365.34
